GO TERM,GENE PRODUCT ID
GO:0000226,P02511
GO:0000226,Q9HC98
GO:0000226,Q9HBM1
GO:0000226,Q3SXZ7
GO:0000226,Q9HAE3
GO:0000226,Q4LDG9
GO:0000226,O14777
GO:0000226,Q5BN46
GO:0000226,Q5JVL4
GO:0000226,Q68CZ6
GO:0000226,Q6P4I2
GO:0000226,Q6PEY2
GO:0000226,Q9H6D7
GO:0000226,Q6ZTW0
GO:0000226,Q9H4B7
GO:0000226,Q71U36
GO:0000226,Q9H1X1
GO:0000226,Q9H169
GO:0000226,Q9HD36
GO:0000226,Q16531
GO:0000226,Q15813
GO:0000226,Q9HD47
GO:0000226,Q12798
GO:0000226,O75934
GO:0000226,Q12982
GO:0000226,Q13257
GO:0000226,O14530
GO:0000226,Q9NV06
GO:0000226,Q13418
GO:0000226,Q13526
GO:0000226,Q86Y56
GO:0000226,Q9NRH3
GO:0000226,Q14204
GO:0000226,Q96LK0
GO:0000226,Q14974
GO:0000226,Q9NQM4
GO:0000226,Q15004
GO:0000226,Q15078
GO:0000226,O75602
GO:0000226,Q15257
GO:0000226,O75800
GO:0000226,Q8IW40
GO:0000226,Q8IX90
GO:0000226,Q9H0C1
GO:0000226,Q93045
GO:0000226,Q969Q6
GO:0000226,Q96BD8
GO:0000226,Q9BQE3
GO:0000226,Q96CS2
GO:0000226,Q96DB5
GO:0000226,Q96E40
GO:0000226,O15379
GO:0000226,Q9BTW9
GO:0000226,O43264
GO:0000226,Q99871
GO:0000226,Q99828
GO:0000226,Q99653
GO:0000226,Q96GD4
GO:0000226,Q96GE6
GO:0000226,Q99426
GO:0000226,Q96JB1
GO:0000226,O15520
GO:0000226,Q96EK5
GO:0000226,Q12768
GO:0000226,Q9BU20
GO:0000226,Q9BUF5
GO:0000226,Q9H079
GO:0000226,Q8IXS2
GO:0000226,Q8IYR0
GO:0000226,Q8IYX1
GO:0000226,O43805
GO:0000226,Q8N136
GO:0000226,Q9C0F1
GO:0000226,Q8N4N8
GO:0000226,O43543
GO:0000226,Q8NDM7
GO:0000226,Q9BXC9
GO:0000226,Q8NFJ9
GO:0000226,Q8TDX7
GO:0000226,Q8TE73
GO:0000226,O15182
GO:0000226,Q8WVK7
GO:0000226,Q9BV86
GO:0000226,Q8WXU2
GO:0000226,Q9BZD4
GO:0000226,Q08AG7
GO:0000226,Q96NB1
GO:0000226,Q9NVX0
GO:0000226,P24522
GO:0000226,Q9Y2S7
GO:0000226,P24941
GO:0000226,P30153
GO:0000226,P30154
GO:0000226,P36404
GO:0000226,P00540
GO:0000226,P41208
GO:0000226,P43034
GO:0000226,Q9UQB9
GO:0000226,Q05513
GO:0000226,P49450
GO:0000226,P51955
GO:0000226,O95922
GO:0000226,O95834
GO:0000226,Q9Y2Z0
GO:0000226,Q9Y3A5
GO:0000226,P23528
GO:0000226,A8MVW5
GO:0000226,A0AVF1
GO:0000226,Q9Y6Q1
GO:0000226,P04350
GO:0000226,P04406
GO:0000226,P06493
GO:0000226,A4D256
GO:0000226,A5D8W1
GO:0000226,Q9UKT4
GO:0000226,P08100
GO:0000226,P0DPH7
GO:0000226,A6NGQ2
GO:0000226,A6NHL2
GO:0000226,P0DPH8
GO:0000226,P14635
GO:0000226,P23258
GO:0000226,P23396
GO:0000226,P08F94
GO:0000226,P56539
GO:0000226,Q9UPY8
GO:0000226,Q9UKB1
GO:0000226,Q9UGJ1
GO:0000226,P63172
GO:0000226,Q9UG01
GO:0000226,O00399
GO:0000226,Q9UFH2
GO:0000226,P61586
GO:0000226,P68363
GO:0000226,P63146
GO:0000226,Q9UBK9
GO:0000226,Q9P2S5
GO:0000226,O95067
GO:0000226,Q9NZT1
GO:0000226,O95166
GO:0000226,P62826
GO:0000226,Q9NY65
GO:0000226,O94811
GO:0000226,Q9P021
GO:0000226,P68366
GO:0000226,P59910
GO:0000226,Q00535
GO:0000226,Q00403
GO:0000226,Q9UIL4
GO:0000226,Q9UJT1
GO:0006325,O75844
GO:0006325,Q96LA8
GO:0006325,P16104
GO:0006325,P12004
GO:0006325,Q12824
GO:0006325,O94805
GO:0006325,P63146
GO:0006325,P04553
GO:0006325,Q96A08
GO:0006325,P06899
GO:0006325,P0C0S5
GO:0006325,O43293
GO:0006325,P09430
GO:0006325,P05114
GO:0006325,O43257
GO:0006325,Q96ES7
GO:0006325,Q14997
GO:0006325,P05204
GO:0006325,P04908
GO:0006325,Q96DB2
GO:0006325,Q15208
GO:0006325,Q8WTS6
GO:0006325,O95619
GO:0006325,P55895
GO:0006325,P54646
GO:0006325,O75367
GO:0006325,O60613
GO:0006325,Q6W0C5
GO:0006325,Q6ZRQ5
GO:0006325,Q6ZV65
GO:0006325,Q71DI3
GO:0006325,P49459
GO:0006325,P60008
GO:0006325,Q71UI9
GO:0006325,Q86XA0
GO:0006325,Q86XI2
GO:0006325,Q8WV22
GO:0006325,O96019
GO:0006325,P46736
GO:0006325,Q16576
GO:0006325,P00540
GO:0006325,P36969
GO:0006325,Q8N140
GO:0006325,Q8N371
GO:0006325,O75531
GO:0006325,Q8N3J2
GO:0006325,Q15366
GO:0006325,Q8NDN9
GO:0006325,O43709
GO:0006325,Q56A73
GO:0006325,P23945
GO:0006325,P62805
GO:0006325,Q16695
GO:0006325,Q14739
GO:0006325,Q8IZU3
GO:0006325,Q9NXR7
GO:0006325,O15379
GO:0006325,Q9Y230
GO:0006325,Q9H7X0
GO:0006325,Q9NVP2
GO:0006325,Q9HCX3
GO:0006325,O14744
GO:0006325,Q9UM07
GO:0006325,Q9Y265
GO:0006325,Q9C005
GO:0006325,Q9BY41
GO:0006325,Q9NPA8
GO:0006325,Q9BXA6
GO:0006325,Q9NXW9
GO:0006325,Q9H1Y0
GO:0006325,Q9NRG4
GO:0006325,Q9NWS0
GO:0006325,O15294
GO:0006325,Q99836
GO:0006325,Q9UPT9
GO:0006325,Q9Y294
GO:0006325,Q9Y6I4
GO:0006325,Q9Y657
GO:0006325,Q9Y5U9
GO:0006325,Q96QV6
GO:0006325,O14929
GO:0006325,A6NED2
GO:0006325,Q9H5I1
GO:0006325,Q9Y4K0
GO:0006325,Q9Y5N5
GO:0006325,Q9NVM4
GO:0006325,Q9H7B4
GO:0006338,Q9NVM4
GO:0006338,Q13315
GO:0006338,Q13352
GO:0006338,Q9NVD3
GO:0006338,Q9H5I1
GO:0006338,Q9NRG0
GO:0006338,Q6IPU0
GO:0006338,Q9H7X0
GO:0006338,Q16576
GO:0006338,O14757
GO:0006338,Q9H7B4
GO:0006338,O60678
GO:0006338,O75607
GO:0006338,Q5EE01
GO:0006338,O14744
GO:0006338,Q3KNV8
GO:0006338,O75478
GO:0006338,Q6UWU4
GO:0006338,Q6PI98
GO:0006338,Q6P2P2
GO:0006338,Q9NR22
GO:0006338,Q9NRG4
GO:0006338,O94805
GO:0006338,Q9Y6I4
GO:0006338,P06493
GO:0006338,P09430
GO:0006338,Q9Y5N5
GO:0006338,Q9Y5K5
GO:0006338,P17252
GO:0006338,P21980
GO:0006338,P24941
GO:0006338,Q9Y2J8
GO:0006338,Q9Y294
GO:0006338,Q9Y265
GO:0006338,Q9Y230
GO:0006338,P46736
GO:0006338,O96019
GO:0006338,Q00403
GO:0006338,Q9UPT9
GO:0006338,P49459
GO:0006338,P50750
GO:0006338,P54646
GO:0006338,Q9UM07
GO:0006338,P55345
GO:0006338,O95619
GO:0006338,Q9UKK9
GO:0006338,P60008
GO:0006338,P60709
GO:0006338,Q9NYP9
GO:0006338,P63208
GO:0006338,P63272
GO:0006338,Q9NWY4
GO:0006338,Q9NWS0
GO:0006338,P49450
GO:0006338,O14929
GO:0006338,Q12824
GO:0006338,Q99836
GO:0006338,Q8WTS6
GO:0006338,Q7Z7L1
GO:0006338,O43257
GO:0006338,Q92782
GO:0006338,Q9BV86
GO:0006338,Q9GZZ1
GO:0006338,Q99873
GO:0006338,O43482
GO:0006338,Q8N371
GO:0006338,Q9BSM1
GO:0006338,Q96LA8
GO:0006338,Q9BY41
GO:0006338,Q8NB12
GO:0006338,Q9GZN1
GO:0006338,Q86UY6
GO:0006338,Q96H22
GO:0006338,O15379
GO:0006338,Q86XA0
GO:0006351,P63272
GO:0006351,Q9BUE0
GO:0006351,P24941
GO:0006351,Q92966
GO:0006351,Q9NYV6
GO:0006351,O75844
GO:0006351,Q9Y2J8
GO:0006351,Q9P086
GO:0006351,Q9P1U0
GO:0006351,P18074
GO:0006351,P62487
GO:0006351,P62380
GO:0006351,P67775
GO:0006351,Q9Y2Y1
GO:0006351,P21730
GO:0006351,P19387
GO:0006351,Q8WVM0
GO:0006351,P01270
GO:0006351,Q9NVR2
GO:0006351,Q9NVV9
GO:0006351,Q9Y6Y0
GO:0006351,Q00604
GO:0006351,Q12824
GO:0006351,O00625
GO:0006351,Q00403
GO:0006351,P19388
GO:0006351,Q9Y3C7
GO:0006351,O15160
GO:0006351,Q9NVH2
GO:0006351,Q00059
GO:0006351,Q9NW08
GO:0006351,Q92759
GO:0006351,P62875
GO:0006351,P27695
GO:0006351,P52952
GO:0006351,P52815
GO:0006351,P52657
GO:0006351,Q9BSK2
GO:0006351,P52435
GO:0006351,P52434
GO:0006351,P52298
GO:0006351,P41238
GO:0006351,P42229
GO:0006351,Q9UNI1
GO:0006351,P51948
GO:0006351,P51946
GO:0006351,P51692
GO:0006351,P42771
GO:0006351,P50750
GO:0006351,P50613
GO:0006351,O15379
GO:0006351,P53041
GO:0006351,P27361
GO:0006351,P53803
GO:0006351,Q9Y235
GO:0006351,Q96ES7
GO:0006351,P30153
GO:0006351,P30876
GO:0006351,P31941
GO:0006351,P32121
GO:0006351,P62136
GO:0006351,P36954
GO:0006351,P61218
GO:0006351,P61201
GO:0006351,P60903
GO:0006351,Q9BTT4
GO:0006351,P60568
GO:0006351,Q969F1
GO:0006351,Q9UI30
GO:0006351,O43257
GO:0006351,P37231
GO:0006351,P56704
GO:0006351,Q9ULK4
GO:0006351,Q13503
GO:0006351,Q96CT7
GO:0006351,Q49AM1
GO:0006351,Q96HW7
GO:0006351,Q9GZS3
GO:0006351,Q53T94
GO:0006351,Q9H5Q4
GO:0006351,Q96HR3
GO:0006351,Q9H944
GO:0006351,Q9NRW3
GO:0006351,O75367
GO:0006351,Q9HB90
GO:0006351,P03950
GO:0006351,Q86XI2
GO:0006351,Q9GZS1
GO:0006351,O15514
GO:0006351,Q16539
GO:0006351,O14744
GO:0006351,O60519
GO:0006351,Q16514
GO:0006351,Q5JVF3
GO:0006351,Q5TA45
GO:0006351,O60678
GO:0006351,Q96QE5
GO:0006351,Q9Y5N5
GO:0006351,P07355
GO:0006351,Q9Y603
GO:0006351,Q9H1D9
GO:0006351,Q6P2C8
GO:0006351,Q6P1K2
GO:0006351,P07550
GO:0006351,Q96RI1
GO:0006351,O75031
GO:0006351,Q6IA86
GO:0006351,Q6UXN9
GO:0006351,Q9GZX7
GO:0006351,O15527
GO:0006351,O14802
GO:0006351,Q8IUX4
GO:0006351,Q15928
GO:0006351,Q9C0K1
GO:0006351,Q99551
GO:0006351,Q13888
GO:0006351,Q13889
GO:0006351,Q13951
GO:0006351,Q96P16
GO:0006351,Q14585
GO:0006351,P13984
GO:0006351,P10828
GO:0006351,P10747
GO:0006351,Q9NPA8
GO:0006351,P10155
GO:0006351,O75607
GO:0006351,Q75QN2
GO:0006351,O75448
GO:0006351,O75586
GO:0006351,Q9NP77
GO:0006351,Q15369
GO:0006351,Q6ZV65
GO:0006351,Q9C005
GO:0006351,O75486
GO:0006351,Q15645
GO:0006351,Q15573
GO:0006351,O75529
GO:0006351,O75575
GO:0006351,Q9NP59
GO:0006351,Q15543
GO:0006351,Q9Y535
GO:0006351,Q6ZYL4
GO:0006351,Q9H204
GO:0006351,Q9Y657
GO:0006351,Q15370
GO:0006351,Q15560
GO:0006351,O14944
GO:0006397,Q96DI7
GO:0006397,Q96LI5
GO:0006397,P41238
GO:0006397,Q96PU8
GO:0006397,Q9BQ04
GO:0006397,P41223
GO:0006397,Q9Y3F4
GO:0006397,Q9Y4Y9
GO:0006397,Q99633
GO:0006397,Q9Y4Z0
GO:0006397,Q9Y3C6
GO:0006397,Q9Y3B4
GO:0006397,Q9Y333
GO:0006397,Q96FX7
GO:0006397,P0C5Z0
GO:0006397,P0C5Y9
GO:0006397,P09661
GO:0006397,Q96J01
GO:0006397,P08579
GO:0006397,P38919
GO:0006397,Q9Y235
GO:0006397,Q9Y5S9
GO:0006397,P17612
GO:0006397,Q7RTV0
GO:0006397,Q9BRX9
GO:0006397,Q2TAY7
GO:0006397,Q16560
GO:0006397,Q15393
GO:0006397,Q9NP77
GO:0006397,Q9BZL1
GO:0006397,Q9NQ94
GO:0006397,Q9H840
GO:0006397,Q8TCS8
GO:0006397,Q9BX46
GO:0006397,Q14331
GO:0006397,Q9BWJ5
GO:0006397,Q13838
GO:0006397,Q9NUK0
GO:0006397,Q9BWF3
GO:0006397,Q9NR56
GO:0006397,Q8WU68
GO:0006397,Q504Q3
GO:0006397,Q8IYT2
GO:0006397,Q7L8L6
GO:0006397,Q7L0Y3
GO:0006397,Q86W42
GO:0006397,Q9H2H8
GO:0006397,Q6PIY7
GO:0006397,Q9H5Z1
GO:0006397,Q9GZX7
GO:0006397,Q9H6L4
GO:0006397,Q6P2P2
GO:0006397,Q9H0S4
GO:0006397,Q6P087
GO:0006397,Q6L8Q7
GO:0006397,Q6I9Y2
GO:0006397,Q5VZF2
GO:0006397,Q9H0Z9
GO:0006397,Q9BQA1
GO:0006397,Q12849
GO:0006397,Q9BV90
GO:0006397,P61326
GO:0006397,Q9UK45
GO:0006397,P57678
GO:0006397,Q9UKF6
GO:0006397,Q969L4
GO:0006397,P55769
GO:0006397,Q9UDW3
GO:0006397,Q969Z0
GO:0006397,P52597
GO:0006397,P52298
GO:0006397,Q9UMS4
GO:0006397,Q96C86
GO:0006397,Q96CM3
GO:0006397,Q9UNP9
GO:0006397,Q96A72
GO:0006397,Q9NVM4
GO:0006397,P62304
GO:0006397,P62308
GO:0006397,Q9NVV4
GO:0006397,Q8WW01
GO:0006397,P83876
GO:0006397,Q8WWH5
GO:0006397,Q8WXD5
GO:0006397,Q9NX01
GO:0006397,P62306
GO:0006397,Q92879
GO:0006397,Q9P021
GO:0006397,P62318
GO:0006397,P62316
GO:0006397,P62314
GO:0006397,P62312
GO:0006397,P62310
GO:0006397,Q92989
GO:0006397,Q96P16
GO:0006397,Q9Y6Y0
GO:0006397,O95926
GO:0006397,O43447
GO:0006397,O43172
GO:0006397,O14893
GO:0006397,O95900
GO:0006397,O00422
GO:0006397,O15116
GO:0006397,O43809
GO:0006397,O75934
GO:0006397,O95777
GO:0006397,O95319
GO:0006397,O00148
GO:0006397,O14744
GO:0006402,P52758
GO:0006402,Q8NA58
GO:0006402,O15116
GO:0006402,Q13315
GO:0006402,P60321
GO:0006402,Q9ULM6
GO:0006402,Q9NPD3
GO:0006402,P0C7P3
GO:0006402,Q9GZS3
GO:0006402,Q92600
GO:0006402,P52298
GO:0006402,Q9UK45
GO:0006402,Q9UIV1
GO:0006402,Q6L8Q7
GO:0006402,Q13868
GO:0006402,P13489
GO:0006402,Q8TCS8
GO:0006402,Q6PGP7
GO:0006402,Q9UFF9
GO:0006402,Q6PIY7
GO:0006402,Q9UL18
GO:0006402,P60228
GO:0006402,Q969T7
GO:0006402,Q9Y4Y9
GO:0006402,Q9Y5S9
GO:0006402,P62487
GO:0006402,Q9Y4Z0
GO:0006402,Q96LI5
GO:0006402,Q96A72
GO:0006402,Q96DE0
GO:0006402,P62312
GO:0006402,Q15024
GO:0006402,P61326
GO:0006402,P62495
GO:0006402,Q9BQG2
GO:0006402,Q9Y333
GO:0006402,Q9BRX2
GO:0006402,P38919
GO:0006402,Q9NVV4
GO:0006402,Q96C86
GO:0006402,Q9NQT5
GO:0006402,Q9NQT4
GO:0006402,Q504Q3
GO:0006402,O75534
GO:0006402,Q96B26
GO:0006402,Q9BRJ7
GO:0006468,Q9HBE4
GO:0006468,Q8IW41
GO:0006468,Q05655
GO:0006468,O14757
GO:0006468,P53779
GO:0006468,Q96PN8
GO:0006468,Q09013
GO:0006468,Q9NRD5
GO:0006468,P24941
GO:0006468,P06493
GO:0006468,P53355
GO:0006468,Q8NER5
GO:0006468,P06239
GO:0006468,P24723
GO:0006468,P52333
GO:0006468,P34925
GO:0006468,Q9HC98
GO:0006468,P54619
GO:0006468,Q92519
GO:0006468,Q8TAS1
GO:0006468,Q96PF2
GO:0006468,Q96S44
GO:0006468,Q99627
GO:0006468,Q15208
GO:0006468,P09769
GO:0006468,P63104
GO:0006468,O43293
GO:0006468,P61201
GO:0006468,Q9BUP3
GO:0006468,Q96BR1
GO:0006468,O15146
GO:0006468,P28482
GO:0006468,Q9BXA6
GO:0006468,P08311
GO:0006468,P54646
GO:0006468,P67870
GO:0006468,O94768
GO:0006468,O15111
GO:0006468,Q9C0K7
GO:0006468,Q00532
GO:0006468,P07948
GO:0006468,Q8WTQ7
GO:0006468,Q8TEA7
GO:0006468,Q8TDX7
GO:0006468,P27361
GO:0006468,P01127
GO:0006468,Q04759
GO:0006468,P13500
GO:0006468,Q05513
GO:0006468,P54764
GO:0006468,P11309
GO:0006468,Q8IVS8
GO:0006468,Q8IY84
GO:0006468,P41743
GO:0006468,P51451
GO:0006468,Q9Y616
GO:0006468,Q9P1W9
GO:0006468,Q13557
GO:0006468,Q6SA08
GO:0006468,P22392
GO:0006468,Q9UBK5
GO:0006468,P50750
GO:0006468,Q6PHR2
GO:0006468,P17612
GO:0006468,Q16832
GO:0006468,Q15078
GO:0006468,Q16659
GO:0006468,P45983
GO:0006468,P48729
GO:0006468,Q9UIK4
GO:0006468,P36896
GO:0006468,Q5S007
GO:0006468,Q13882
GO:0006468,P17252
GO:0006468,Q14012
GO:0006468,Q15835
GO:0006468,P41240
GO:0006468,P36888
GO:0006468,Q16620
GO:0006468,Q12866
GO:0006468,P36897
GO:0006468,Q59H18
GO:0006468,Q14164
GO:0006468,P35558
GO:0006468,Q86V86
GO:0006468,P19525
GO:0006468,O75716
GO:0006468,Q15131
GO:0006468,O43930
GO:0006468,K9M1U5
GO:0006468,Q9UQB9
GO:0006468,P51817
GO:0006468,Q13315
GO:0006468,P42681
GO:0006468,Q13162
GO:0006468,P15735
GO:0006468,Q13363
GO:0006468,P04629
GO:0006468,P40933
GO:0006468,P51955
GO:0006468,Q9UQM7
GO:0006468,Q14393
GO:0006468,P22694
GO:0006468,P51671
GO:0006468,Q9Y2H1
GO:0006468,Q15120
GO:0006470,P63151
GO:0006470,Q9GZU7
GO:0006470,Q16690
GO:0006470,Q9UN19
GO:0006470,Q9BV47
GO:0006470,Q9BZG2
GO:0006470,P17706
GO:0006470,P28562
GO:0006470,Q9Y217
GO:0006470,P43378
GO:0006470,Q9Y297
GO:0006470,P67775
GO:0006470,Q15256
GO:0006470,P36873
GO:0006470,P23469
GO:0006470,P62140
GO:0006470,O14595
GO:0006470,O00743
GO:0006470,P62136
GO:0006470,Q9NX18
GO:0006470,Q08209
GO:0006470,Q13496
GO:0006470,Q8NEJ0
GO:0006470,P53041
GO:0006470,P51452
GO:0006470,Q9P0J1
GO:0006470,Q68J44
GO:0006470,Q05923
GO:0006470,O95476
GO:0006470,Q9UKB1
GO:0006470,P62714
GO:0006470,P56180
GO:0006470,Q9H596
GO:0006470,O14829
GO:0006470,Q9UII6
GO:0006470,Q96GD0
GO:0006470,P35813
GO:0006909,Q14964
GO:0006909,P20701
GO:0006909,Q15080
GO:0006909,Q96JI7
GO:0006909,Q15077
GO:0006909,P20339
GO:0006909,P63000
GO:0006909,Q96JJ3
GO:0006909,Q12866
GO:0006909,Q96AH8
GO:0006909,O75896
GO:0006909,Q8IX05
GO:0006909,Q86XR7
GO:0006909,O75871
GO:0006909,P15498
GO:0006909,Q13291
GO:0006909,Q08431
GO:0006909,P01130
GO:0006909,Q05655
GO:0006909,P16050
GO:0006909,P16671
GO:0006909,Q96BZ4
GO:0006909,Q6P1Q0
GO:0006909,Q6P1K1
GO:0006909,Q8WTV0
GO:0006909,Q02556
GO:0006909,P12429
GO:0006909,P12314
GO:0006909,Q92544
GO:0006909,P21980
GO:0006909,Q5VZY2
GO:0006909,P78539
GO:0006909,Q14393
GO:0006909,P11215
GO:0006909,O60733
GO:0006909,Q92556
GO:0006909,O43914
GO:0006909,Q99836
GO:0006909,P61106
GO:0006909,P01579
GO:0006909,P08571
GO:0006909,Q9BXN2
GO:0006909,P48357
GO:0006909,P04083
GO:0006909,P08246
GO:0006909,P60953
GO:0006909,P51149
GO:0006909,P07948
GO:0006909,Q9NZC2
GO:0006909,P51790
GO:0006909,P07947
GO:0006909,P51809
GO:0006909,Q9NX57
GO:0006909,O00602
GO:0006909,Q9H267
GO:0006909,Q9NVJ2
GO:0006909,P05106
GO:0006909,P55008
GO:0006909,P05107
GO:0006909,P32942
GO:0006909,Q9NRR8
GO:0006909,Q9NRR3
GO:0006909,P05813
GO:0006909,Q9BWL3
GO:0006909,Q9ULV4
GO:0006909,Q9BZG1
GO:0006909,P30542
GO:0006909,P42336
GO:0006909,P39877
GO:0006909,Q99572
GO:0006909,P41159
GO:0006909,P41597
GO:0006909,P09769
GO:0006909,P30273
GO:0006909,B0I1T2
GO:0006909,O00206
GO:0007059,Q9NWD9
GO:0007059,Q86XI2
GO:0007059,P23396
GO:0007059,Q7Z2G1
GO:0007059,P51955
GO:0007059,Q13257
GO:0007059,A8MT69
GO:0007059,Q9NVJ2
GO:0007059,Q9NVX0
GO:0007059,Q9NV06
GO:0007059,A1L190
GO:0007059,Q16531
GO:0007059,Q15645
GO:0007059,Q9NSP4
GO:0007059,Q9NSG2
GO:0007059,P14635
GO:0007059,Q8IX90
GO:0007059,Q8IXV7
GO:0007059,P05141
GO:0007059,Q8IYF3
GO:0007059,O75934
GO:0007059,Q12768
GO:0007059,Q8N0S6
GO:0007059,Q9Y6X3
GO:0007059,Q8N2Z9
GO:0007059,Q9Y5K1
GO:0007059,Q7LBR1
GO:0007059,Q9Y3D0
GO:0007059,Q13315
GO:0007059,Q5VXU9
GO:0007059,O96020
GO:0007059,Q68CZ6
GO:0007059,P36873
GO:0007059,Q9UKT4
GO:0007059,Q9UJX2
GO:0007059,Q5MJ70
GO:0007059,Q5EE01
GO:0007059,Q9UPY8
GO:0007059,Q9UQB9
GO:0007059,Q14565
GO:0007059,Q6IPU0
GO:0007059,Q53GT1
GO:0007059,Q9Y3E7
GO:0007059,Q9UIL4
GO:0007059,Q6P1K2
GO:0007059,Q9UGJ1
GO:0007059,Q8N4N8
GO:0007059,Q9Y2S7
GO:0007059,P50748
GO:0007059,Q495C1
GO:0007059,P18074
GO:0007059,Q9P2W1
GO:0007059,Q9P2S5
GO:0007059,Q14974
GO:0007059,Q9NYP9
GO:0007059,Q13352
GO:0007059,P23258
GO:0007059,O95997
GO:0007059,Q08AG7
GO:0007059,Q9NRH3
GO:0007059,Q9NPC3
GO:0007059,Q9H4B7
GO:0007059,Q96GD4
GO:0007059,Q9BU64
GO:0007059,Q99871
GO:0007059,P62826
GO:0007059,O43264
GO:0007059,O43633
GO:0007059,Q9H0E7
GO:0007059,Q9H081
GO:0007059,Q00403
GO:0007059,Q96DB5
GO:0007059,Q96CS2
GO:0007059,O95067
GO:0007059,Q8N635
GO:0007059,Q969Q5
GO:0007059,O43482
GO:0007059,Q9BZD4
GO:0007059,Q9BS16
GO:0007059,Q9BXU0
GO:0007059,P63146
GO:0007059,P61160
GO:0007059,Q96BD8
GO:0007059,Q96BM9
GO:0007059,P61158
GO:0007059,Q9BV86
GO:0007059,O43684
GO:0007059,Q8TDX7
GO:0007059,Q8WVK7
GO:0007059,Q9H5X1
GO:0007059,P30153
GO:0007059,Q9HC98
GO:0007059,Q96H22
GO:0007059,P30154
GO:0007059,Q8NFH3
GO:0007059,Q9HD42
GO:0007059,Q9HD47
GO:0007059,Q9HBM1
GO:0007059,Q96IY1
GO:0007059,P61586
GO:0007059,O14777
GO:0007059,Q9H7X0
GO:0007059,O15379
GO:0007059,P55040
GO:0007059,Q8NBT2
GO:0007059,Q9H6D7
GO:0007059,O76071
GO:0007059,Q8NFH4
GO:0010608,P41238
GO:0010608,Q14240
GO:0010608,P39905
GO:0010608,P41220
GO:0010608,P00374
GO:0010608,P43897
GO:0010608,P62341
GO:0010608,P61254
GO:0010608,P62487
GO:0010608,P42704
GO:0010608,P61326
GO:0010608,P62955
GO:0010608,P21399
GO:0010608,P62826
GO:0010608,P21128
GO:0010608,P38919
GO:0010608,P62495
GO:0010608,P62633
GO:0010608,P62701
GO:0010608,P41567
GO:0010608,Q14CZ7
GO:0010608,P61221
GO:0010608,P46199
GO:0010608,P49588
GO:0010608,P46781
GO:0010608,P57772
GO:0010608,P56537
GO:0010608,P55089
GO:0010608,Q12933
GO:0010608,Q12931
GO:0010608,P54764
GO:0010608,Q05655
GO:0010608,P23396
GO:0010608,P53582
GO:0010608,P52298
GO:0010608,P53355
GO:0010608,P62263
GO:0010608,P34896
GO:0010608,Q0PNE2
GO:0010608,P34897
GO:0010608,P52758
GO:0010608,O95900
GO:0010608,Q04695
GO:0010608,P58546
GO:0010608,P51812
GO:0010608,P63173
GO:0010608,P48200
GO:0010608,P63241
GO:0010608,P49458
GO:0010608,Q13686
GO:0010608,P63244
GO:0010608,P49770
GO:0010608,P30988
GO:0010608,P78543
GO:0010608,P60321
GO:0010608,Q13542
GO:0010608,P51397
GO:0010608,P60228
GO:0010608,P27695
GO:0010608,P31751
GO:0010608,O95568
GO:0010608,P27635
GO:0010608,Q14164
GO:0010608,P62136
GO:0010608,P40429
GO:0010608,Q15369
GO:0010608,Q96LI5
GO:0010608,Q96P11
GO:0010608,Q96PU8
GO:0010608,Q96SZ6
GO:0010608,Q99598
GO:0010608,Q99836
GO:0010608,Q99873
GO:0010608,Q9BQ04
GO:0010608,Q9BRT2
GO:0010608,Q9BRX2
GO:0010608,O15294
GO:0010608,Q9BSH4
GO:0010608,Q9BT17
GO:0010608,Q9BWF3
GO:0010608,Q9BX46
GO:0010608,Q9BZQ4
GO:0010608,Q9C0B1
GO:0010608,Q96IP4
GO:0010608,Q96I51
GO:0010608,P10144
GO:0010608,P01375
GO:0010608,Q8TBY0
GO:0010608,P13489
GO:0010608,Q8TCS8
GO:0010608,O43639
GO:0010608,Q92600
GO:0010608,P11684
GO:0010608,Q92813
GO:0010608,Q92879
GO:0010608,O15116
GO:0010608,Q92989
GO:0010608,Q969Z0
GO:0010608,Q96A09
GO:0010608,Q96C86
GO:0010608,P10747
GO:0010608,O43293
GO:0010608,Q96CM3
GO:0010608,Q96EB1
GO:0010608,Q96EH3
GO:0010608,Q969T7
GO:0010608,Q8TAS1
GO:0010608,Q9GZV4
GO:0010608,Q9H4K7
GO:0010608,Q9UBP6
GO:0010608,Q9UBQ5
GO:0010608,Q9UFF9
GO:0010608,Q9UHL0
GO:0010608,Q9UIV1
GO:0010608,Q9UKT5
GO:0010608,P03950
GO:0010608,Q9UL18
GO:0010608,Q9ULM6
GO:0010608,Q9Y2R0
GO:0010608,Q9Y2V2
GO:0010608,Q9Y2Y8
GO:0010608,A9UHW6
GO:0010608,Q9Y5S9
GO:0010608,Q9Y6E2
GO:0010608,Q9Y6V7
GO:0010608,Q9Y6X1
GO:0010608,Q9P2X3
GO:0010608,P04406
GO:0010608,O00463
GO:0010608,Q9NYY8
GO:0010608,Q9H649
GO:0010608,Q9H825
GO:0010608,Q9H9T3
GO:0010608,Q9H9V9
GO:0010608,Q9H9Z2
GO:0010608,Q9HAV4
GO:0010608,P06730
GO:0010608,Q9HCE1
GO:0010608,Q9H0H3
GO:0010608,Q9HD40
GO:0010608,P05231
GO:0010608,Q9NQ94
GO:0010608,P05198
GO:0010608,O14682
GO:0010608,Q9NRN9
GO:0010608,Q9NWS8
GO:0010608,Q9NX07
GO:0010608,P04818
GO:0010608,O14717
GO:0010608,P13501
GO:0010608,Q96Q83
GO:0010608,Q6P087
GO:0010608,O60516
GO:0010608,Q8NA58
GO:0010608,Q7L8L6
GO:0010608,Q8N5Y8
GO:0010608,Q504Q3
GO:0010608,Q8N0V5
GO:0010608,Q7L1Q6
GO:0010608,O75368
GO:0010608,Q6ZNK6
GO:0010608,Q71UM5
GO:0010608,O43809
GO:0010608,Q5VWP2
GO:0010608,Q7L0Y3
GO:0010608,Q16539
GO:0010608,Q8IXQ6
GO:0010608,P14618
GO:0010608,Q8IW41
GO:0010608,Q6IA86
GO:0010608,P17301
GO:0010608,O75534
GO:0010608,Q15370
GO:0010608,Q6L8Q7
GO:0010608,Q8NFY9
GO:0010608,Q4AE62
GO:0010608,P13639
GO:0010608,P19525
GO:0010608,Q6PIY7
GO:0010608,Q6TGC4
GO:0010608,Q15631
GO:0010608,O60573
GO:0010608,Q53R41
GO:0010608,P01282
GO:0010608,P17252
GO:0010608,Q8NDQ6
GO:0010608,Q8NEK8
GO:0022407,Q9NZH7
GO:0022407,Q9NZQ7
GO:0022407,O95971
GO:0022407,P51452
GO:0022407,Q9P1W8
GO:0022407,Q14392
GO:0022407,P51692
GO:0022407,O14495
GO:0022407,Q14254
GO:0022407,O00585
GO:0022407,Q14213
GO:0022407,Q9NUQ9
GO:0022407,Q9NRW4
GO:0022407,O75144
GO:0022407,Q9NRJ3
GO:0022407,P52333
GO:0022407,Q14116
GO:0022407,Q9NPF7
GO:0022407,Q13951
GO:0022407,Q9NNX6
GO:0022407,P52803
GO:0022407,Q14314
GO:0022407,Q53GT1
GO:0022407,Q8NHY0
GO:0022407,Q9UDY8
GO:0022407,Q9Y279
GO:0022407,P42229
GO:0022407,Q15848
GO:0022407,B6A8C7
GO:0022407,P41597
GO:0022407,Q15669
GO:0022407,P41273
GO:0022407,P41240
GO:0022407,Q9Y4K3
GO:0022407,Q15116
GO:0022407,Q9Y624
GO:0022407,Q9Y653
GO:0022407,P41221
GO:0022407,Q15375
GO:0022407,P00491
GO:0022407,P41159
GO:0022407,Q9Y6W8
GO:0022407,P42574
GO:0022407,Q14623
GO:0022407,Q9Y275
GO:0022407,O00182
GO:0022407,Q9UGN4
GO:0022407,Q9UI95
GO:0022407,P49366
GO:0022407,Q9UIJ5
GO:0022407,Q9UIR0
GO:0022407,Q9HCL2
GO:0022407,P48061
GO:0022407,P47992
GO:0022407,O00241
GO:0022407,O00214
GO:0022407,O96019
GO:0022407,Q30201
GO:0022407,Q16539
GO:0022407,Q9ULZ3
GO:0022407,Q9UM44
GO:0022407,Q9UNG2
GO:0022407,Q9UNK4
GO:0022407,Q9Y231
GO:0022407,Q495A1
GO:0022407,P55008
GO:0022407,Q6P589
GO:0022407,Q08830
GO:0022407,Q8N0V5
GO:0022407,Q11130
GO:0022407,Q11206
GO:0022407,O43291
GO:0022407,Q96DB9
GO:0022407,O75955
GO:0022407,Q08722
GO:0022407,Q96FA3
GO:0022407,Q12824
GO:0022407,Q12836
GO:0022407,Q96IZ2
GO:0022407,O15524
GO:0022407,Q96P20
GO:0022407,Q8IVQ6
GO:0022407,Q15256
GO:0022407,Q8IYL9
GO:0022407,Q92990
GO:0022407,Q92956
GO:0022407,O94805
GO:0022407,Q05513
GO:0022407,Q05655
GO:0022407,Q07108
GO:0022407,Q04759
GO:0022407,Q8TDQ0
GO:0022407,O43639
GO:0022407,Q03405
GO:0022407,Q02742
GO:0022407,Q8WVV5
GO:0022407,Q07869
GO:0022407,Q01151
GO:0022407,O43557
GO:0022407,Q08209
GO:0022407,P79483
GO:0022407,Q92819
GO:0022407,P78540
GO:0022407,Q8NCG5
GO:0022407,O15444
GO:0022407,Q9HC29
GO:0022407,Q96S42
GO:0022407,Q8IU54
GO:0022407,P60033
GO:0022407,Q9H0H3
GO:0022407,Q9H267
GO:0022407,Q9H3N1
GO:0022407,P56705
GO:0022407,P56704
GO:0022407,Q9H4X1
GO:0022407,Q9GZX9
GO:0022407,P55895
GO:0022407,Q6UXL0
GO:0022407,Q9H7M9
GO:0022407,Q8NI38
GO:0022407,Q6UXB4
GO:0022407,Q13571
GO:0022407,Q9HB29
GO:0022407,Q9HBE4
GO:0022407,O95633
GO:0022407,O60313
GO:0022407,P60568
GO:0022407,O95497
GO:0022407,P61981
GO:0022407,P61769
GO:0022407,Q99731
GO:0022407,Q13158
GO:0022407,P61586
GO:0022407,Q86YL7
GO:0022407,O43927
GO:0022407,Q9BQ51
GO:0022407,Q13163
GO:0022407,Q86UX7
GO:0022407,Q86UK0
GO:0022407,Q7Z7D3
GO:0022407,Q7Z6A9
GO:0022407,Q9BT67
GO:0022407,Q13291
GO:0022407,Q9BZM2
GO:0022407,P60709
GO:0022407,P40933
GO:0022407,P01730
GO:0022407,Q30154
GO:0022407,P04440
GO:0022407,P15498
GO:0022407,P26842
GO:0022407,P14902
GO:0022407,P26718
GO:0022407,P01920
GO:0022407,P02549
GO:0022407,P05019
GO:0022407,P04083
GO:0022407,P20036
GO:0022407,P16410
GO:0022407,P02647
GO:0022407,P09382
GO:0022407,P13232
GO:0022407,P08311
GO:0022407,P15515
GO:0022407,P02679
GO:0022407,P28223
GO:0022407,P05089
GO:0022407,P01574
GO:0022407,P29459
GO:0022407,P31431
GO:0022407,P29460
GO:0022407,P21217
GO:0022407,P01137
GO:0022407,P01911
GO:0022407,P33681
GO:0022407,P12830
GO:0022407,P27487
GO:0022407,P30825
GO:0022407,P00813
GO:0022407,P07948
GO:0022407,P13762
GO:0022407,P01563
GO:0022407,P18054
GO:0022407,P00966
GO:0022407,P13747
GO:0022407,P07947
GO:0022407,P04439
GO:0022407,P28068
GO:0022407,P13612
GO:0022407,P35558
GO:0022407,P04216
GO:0022407,P18510
GO:0022407,P28067
GO:0022407,P13765
GO:0022407,P01588
GO:0022407,P17706
GO:0022407,P13501
GO:0022407,P19320
GO:0022407,P13500
GO:0022407,P07766
GO:0022407,P17693
GO:0022407,P04628
GO:0022407,P31785
GO:0022407,P08217
GO:0022407,P14921
GO:0022407,P08246
GO:0022407,P02786
GO:0022407,P29965
GO:0022407,P01375
GO:0022407,P07093
GO:0022407,P05112
GO:0022407,P01584
GO:0022407,P08F94
GO:0022407,P21583
GO:0022407,P01583
GO:0022407,P15529
GO:0022407,P39877
GO:0022407,P23510
GO:0022407,P01906
GO:0022407,P23396
GO:0022407,P06340
GO:0022407,P10747
GO:0022407,P06239
GO:0022407,P01579
GO:0022407,P15692
GO:0022407,P11049
GO:0022407,P16422
GO:0022407,P16871
GO:0022407,P32119
GO:0022407,P14555
GO:0022407,P09917
GO:0022407,P16581
GO:0022407,P01148
GO:0022407,P10809
GO:0022407,P01903
GO:0022407,P40199
GO:0022407,P01344
GO:0022407,P05231
GO:0022407,P05538
GO:0022407,P32248
GO:0022407,P22301
GO:0022407,P11684
GO:0022407,P21926
GO:0022407,P37173
GO:0022407,P32970
GO:0022407,P31947
GO:0022407,P21754
GO:0022407,P01909
GO:0022407,P15813
GO:0022407,P17252
GO:0022407,P05107
GO:0022407,P21741
GO:0030036,P29972
GO:0030036,P62330
GO:0030036,P04075
GO:0030036,Q9UBC5
GO:0030036,P04054
GO:0030036,P08134
GO:0030036,P13796
GO:0030036,P51671
GO:0030036,P61587
GO:0030036,Q9UQ03
GO:0030036,Q9Y2A7
GO:0030036,P52952
GO:0030036,P52907
GO:0030036,P35609
GO:0030036,O94832
GO:0030036,O15145
GO:0030036,P61586
GO:0030036,P04083
GO:0030036,Q99418
GO:0030036,P51153
GO:0030036,P15153
GO:0030036,Q9BUL8
GO:0030036,O43795
GO:0030036,P63261
GO:0030036,Q9UL45
GO:0030036,P08727
GO:0030036,O60662
GO:0030036,Q8N6F1
GO:0030036,B0I1T2
GO:0030036,Q587J8
GO:0030036,O75083
GO:0030036,Q6IBS0
GO:0030036,P32926
GO:0030036,O15143
GO:0030036,O95393
GO:0030036,P13797
GO:0030036,P54851
GO:0030036,P52306
GO:0030036,P04085
GO:0030036,O95136
GO:0030036,P17081
GO:0030036,P14373
GO:0030036,P35080
GO:0030036,O00159
GO:0030036,P62328
GO:0030036,C9JR72
GO:0030036,P62826
GO:0030036,P08567
GO:0030036,P56539
GO:0030036,P52198
GO:0030036,P02549
GO:0030036,Q9Y281
GO:0030036,P55008
GO:0030036,P03950
GO:0030036,P63000
GO:0030036,Q9UBU3
GO:0030036,O15144
GO:0030036,P62745
GO:0030036,P51911
GO:0030036,Q9UI95
GO:0030036,Q9BYX7
GO:0030036,Q8N1T3
GO:0030036,O43914
GO:0030036,Q9ULV4
GO:0030036,O14613
GO:0030036,Q92556
GO:0030036,Q12792
GO:0030036,Q12768
GO:0030036,P43034
GO:0030036,P21453
GO:0030036,Q14651
GO:0030036,P10415
GO:0030036,P60763
GO:0030036,Q96GD0
GO:0030036,Q92730
GO:0030036,Q9NVD7
GO:0030036,P24844
GO:0030036,Q08043
GO:0030036,O43639
GO:0030036,P12814
GO:0030036,P60953
GO:0030036,O14807
GO:0030036,Q8WUW1
GO:0030036,P60981
GO:0030036,Q15124
GO:0030036,A6NGQ2
GO:0030036,P09493
GO:0030036,O15273
GO:0030036,Q9Y624
GO:0030036,P42336
GO:0030036,Q9BQI0
GO:0030036,Q9Y6U3
GO:0030036,P60709
GO:0030036,P10916
GO:0030036,P40121
GO:0030036,Q9NQX4
GO:0030036,Q9NQY0
GO:0030036,P41181
GO:0030036,Q13643
GO:0030036,Q13829
GO:0030036,P31415
GO:0030036,Q13049
GO:0030036,Q9Y664
GO:0030036,P23528
GO:0030036,Q9NRX4
GO:0030036,P41743
GO:0030036,P37802
GO:0030036,Q9HBI1
GO:0030036,Q9HBI0
GO:0030036,Q9HBH0
GO:0030036,Q92847
GO:0030036,P21781
GO:0030036,Q9HCC8
GO:0030036,P47755
GO:0030036,O15551
GO:0030036,P47756
GO:0030036,Q9Y3D2
GO:0030036,P84095
GO:0030036,P61160
GO:0030036,Q9Y3C0
GO:0030036,O15519
GO:0030036,O95741
GO:0030036,Q9BT40
GO:0030036,Q9NZN4
GO:0030036,O14926
GO:0030036,Q9NZV6
GO:0030036,O15511
GO:0030036,O43707
GO:0030036,Q8NET8
GO:0030036,P78310
GO:0030036,P68133
GO:0030036,P50461
GO:0030036,O95990
GO:0030036,P18084
GO:0030036,P68032
GO:0030036,Q96JJ3
GO:0030036,P98194
GO:0030036,O15520
GO:0030036,Q9H2J4
GO:0030036,Q15327
GO:0030036,P10114
GO:0030036,Q7Z7H3
GO:0030036,P02489
GO:0030036,P09341
GO:0030036,P07737
GO:0030036,P58418
GO:0030036,Q9H4E5
GO:0030036,Q9BT23
GO:0030036,P59998
GO:0030036,Q8TEA7
GO:0030036,O00212
GO:0030036,O00560
GO:0030036,Q9NXW9
GO:0030036,Q00535
GO:0030036,P61158
GO:0030036,Q15669
GO:0031647,Q9UKT7
GO:0031647,Q9UKB1
GO:0031647,Q6QN14
GO:0031647,P61764
GO:0031647,Q6PEY1
GO:0031647,Q9UKT5
GO:0031647,Q9UL25
GO:0031647,P61803
GO:0031647,Q9UMW8
GO:0031647,O60519
GO:0031647,O60635
GO:0031647,Q9UL15
GO:0031647,Q9ULZ3
GO:0031647,Q6ZWJ1
GO:0031647,P10909
GO:0031647,P04406
GO:0031647,P62068
GO:0031647,O14908
GO:0031647,Q9H2J4
GO:0031647,P07737
GO:0031647,P19388
GO:0031647,Q9H3U5
GO:0031647,P19474
GO:0031647,Q9NX76
GO:0031647,Q9NX55
GO:0031647,O75569
GO:0031647,P07498
GO:0031647,Q9NWS0
GO:0031647,Q05655
GO:0031647,P05019
GO:0031647,Q15185
GO:0031647,P05026
GO:0031647,P20827
GO:0031647,O14777
GO:0031647,O14495
GO:0031647,Q9NVD7
GO:0031647,O75955
GO:0031647,O75718
GO:0031647,O75920
GO:0031647,Q14254
GO:0031647,Q9HCM9
GO:0031647,Q13526
GO:0031647,P23284
GO:0031647,Q9NQ94
GO:0031647,Q9NZD4
GO:0031647,P83436
GO:0031647,Q9H227
GO:0031647,P78371
GO:0031647,P62081
GO:0031647,O95433
GO:0031647,P62136
GO:0031647,Q9BUN8
GO:0031647,O15212
GO:0031647,Q5SXM8
GO:0031647,Q9UHV9
GO:0031647,Q5S007
GO:0031647,P62829
GO:0031647,Q9UHH9
GO:0031647,Q9BY41
GO:0031647,O00258
GO:0031647,P62913
GO:0031647,Q9BUL8
GO:0031647,Q5HYI8
GO:0031647,P28799
GO:0031647,P63104
GO:0031647,Q9UBK9
GO:0031647,P63146
GO:0031647,P28482
GO:0031647,P63165
GO:0031647,P28328
GO:0031647,Q9P2H3
GO:0031647,P17987
GO:0031647,Q9P1W9
GO:0031647,Q9P0U1
GO:0031647,Q1MX18
GO:0031647,Q19AV6
GO:0031647,O75317
GO:0031647,Q7L5D6
GO:0031647,P22792
GO:0031647,P02787
GO:0031647,Q8WWB5
GO:0031647,Q8WWB7
GO:0031647,P43652
GO:0031647,P40227
GO:0031647,Q99623
GO:0031647,P49368
GO:0031647,Q8WY64
GO:0031647,P35232
GO:0031647,O95990
GO:0031647,Q8NHS3
GO:0031647,P10415
GO:0031647,Q8N668
GO:0031647,Q99653
GO:0031647,Q99747
GO:0031647,Q9Y230
GO:0031647,Q86YD3
GO:0031647,O43914
GO:0031647,P51946
GO:0031647,P42574
GO:0031647,P35080
GO:0031647,Q8N4S7
GO:0031647,Q9Y265
GO:0031647,Q8N371
GO:0031647,P48449
GO:0031647,Q8TEB7
GO:0031647,Q96IL0
GO:0031647,P02652
GO:0031647,A6NNY8
GO:0031647,P02647
GO:0031647,Q9Y297
GO:0031647,P48643
GO:0031647,O95816
GO:0031647,P11441
GO:0031647,P13284
GO:0031647,P13473
GO:0031647,P32926
GO:0031647,Q96QG7
GO:0031647,Q9Y2A7
GO:0031647,P14415
GO:0031647,Q96I23
GO:0031647,P54709
GO:0031647,P54764
GO:0031647,P49069
GO:0031647,P02489
GO:0031647,Q99832
GO:0031647,Q8IUQ4
GO:0031647,P60033
GO:0031647,O15379
GO:0031647,P11309
GO:0031647,P31751
GO:0031647,Q969V3
GO:0031647,Q969V5
GO:0031647,Q8NC42
GO:0031647,A1A4Y4
GO:0031647,Q7Z5G4
GO:0031647,P10809
GO:0031647,P50990
GO:0031647,Q99942
GO:0031647,Q96QK1
GO:0031647,P41134
GO:0031647,Q9Y2Z0
GO:0031647,Q7Z2E3
GO:0031647,P09668
GO:0031647,Q96BS2
GO:0031647,P10619
GO:0031647,Q86UW2
GO:0031647,Q99497
GO:0031647,P50148
GO:0031647,O43286
GO:0031647,Q9Y371
GO:0031647,P02511
GO:0031647,P50613
GO:0031647,P39656
GO:0032386,P35813
GO:0032386,O00410
GO:0032386,Q00535
GO:0032386,P63316
GO:0032386,O15503
GO:0032386,P0DN84
GO:0032386,Q5SW96
GO:0032386,Q9C0E2
GO:0032386,P13796
GO:0032386,Q00765
GO:0032386,O14980
GO:0032386,Q96Q80
GO:0032386,P35609
GO:0032386,Q8N668
GO:0032386,Q9NZN4
GO:0032386,Q8NG06
GO:0032386,P63027
GO:0032386,Q9Y3E7
GO:0032386,P02489
GO:0032386,P27361
GO:0032386,O14966
GO:0032386,Q3MIR4
GO:0032386,P28482
GO:0032386,Q9BWF3
GO:0032386,Q9GZP9
GO:0032386,Q8NHG7
GO:0032386,Q16539
GO:0032386,Q8NE79
GO:0032386,Q8TAS1
GO:0032386,Q8NBP7
GO:0032386,P01579
GO:0032386,Q8NBM4
GO:0032386,Q96QK1
GO:0032386,Q5BJF2
GO:0032386,P63165
GO:0032386,Q15907
GO:0032386,P51572
GO:0032386,Q8TCE6
GO:0032386,P02511
GO:0032386,P52298
GO:0032386,Q9H2C2
GO:0032386,Q9NZ43
GO:0032386,O14983
GO:0032386,O43745
GO:0032386,Q8TCF1
GO:0032386,Q15848
GO:0032386,O94766
GO:0032386,P62826
GO:0032386,Q5S007
GO:0032386,P49768
GO:0032386,P60604
GO:0032386,Q9H4M9
GO:0032386,Q9HC96
GO:0032386,Q9ULP0
GO:0032386,Q12891
GO:0032386,Q96DZ1
GO:0032386,Q96E22
GO:0032386,Q9ULC3
GO:0032386,Q14204
GO:0032386,Q9UL25
GO:0032386,P31946
GO:0032386,P10599
GO:0032386,P42771
GO:0032386,Q14393
GO:0032386,Q92544
GO:0032386,Q99497
GO:0032386,P61925
GO:0032386,P06493
GO:0032386,P01137
GO:0032386,O15379
GO:0032386,Q86UW2
GO:0032386,Q9BQL6
GO:0032386,Q96BZ9
GO:0032386,Q75T13
GO:0032386,Q7Z4L5
GO:0032386,Q9UMY4
GO:0032386,Q9BRK0
GO:0032386,P41159
GO:0032386,Q9UMX2
GO:0032386,P60033
GO:0032386,P22307
GO:0032386,O14681
GO:0032386,Q969M3
GO:0032386,Q969J3
GO:0032386,O60493
GO:0032386,Q86UK0
GO:0032386,Q14012
GO:0032386,O00148
GO:0032386,Q99653
GO:0032386,P12830
GO:0032386,Q96HR9
GO:0032386,P61960
GO:0032386,O00631
GO:0032386,O75110
GO:0032386,Q05655
GO:0032386,Q9BV94
GO:0032386,P36873
GO:0032386,O95295
GO:0032386,Q8TF17
GO:0032386,Q9UIJ5
GO:0032386,P17612
GO:0032386,O75165
GO:0032386,P01584
GO:0032386,Q5VVQ6
GO:0032386,P26678
GO:0032386,P62258
GO:0032386,P07355
GO:0032386,P31947
GO:0032386,P16671
GO:0032386,P46695
GO:0032386,P05090
GO:0032386,Q8WVM8
GO:0032386,Q9BUL8
GO:0032386,Q6P2H8
GO:0032386,Q8WW35
GO:0032386,Q07960
GO:0032386,Q6NUQ1
GO:0032386,Q15049
GO:0032386,Q9Y282
GO:0032386,Q9NV96
GO:0032507,P36404
GO:0032507,Q9Y5U4
GO:0032507,P24390
GO:0032507,P10124
GO:0032507,Q15363
GO:0032507,P10599
GO:0032507,O43731
GO:0032507,Q00535
GO:0032507,Q13087
GO:0032507,P01730
GO:0032507,O43292
GO:0032507,P19367
GO:0032507,O15503
GO:0032507,Q9H9S5
GO:0032507,P30536
GO:0032507,Q96RL7
GO:0032507,O15379
GO:0032507,Q99578
GO:0032507,Q9Y2Y0
GO:0032507,Q99497
GO:0032507,P52789
GO:0032507,Q709C8
GO:0032507,P33947
GO:0032507,O15258
GO:0032507,P63208
GO:0032880,Q14651
GO:0032880,P09917
GO:0032880,Q14654
GO:0032880,Q96G30
GO:0032880,Q8WXG1
GO:0032880,Q96FX2
GO:0032880,O15258
GO:0032880,Q6PCB6
GO:0032880,Q6P4F1
GO:0032880,Q99653
GO:0032880,Q99784
GO:0032880,Q14393
GO:0032880,Q92544
GO:0032880,O15379
GO:0032880,O75762
GO:0032880,P10415
GO:0032880,O60603
GO:0032880,Q6P9F5
GO:0032880,O60733
GO:0032880,Q3MIR4
GO:0032880,Q9H936
GO:0032880,Q99572
GO:0032880,Q9H6L2
GO:0032880,Q9BV40
GO:0032880,O60896
GO:0032880,O15552
GO:0032880,O14810
GO:0032880,P17081
GO:0032880,Q15078
GO:0032880,Q8IXQ6
GO:0032880,Q96GS6
GO:0032880,Q15019
GO:0032880,Q8WVM8
GO:0032880,P14416
GO:0032880,Q8IWU4
GO:0032880,Q9BUL8
GO:0032880,P07339
GO:0032880,O15554
GO:0032880,P20963
GO:0032880,Q8IWT6
GO:0032880,P16671
GO:0032880,P15104
GO:0032880,P10144
GO:0032880,P01308
GO:0032880,O43914
GO:0032880,Q99828
GO:0032880,P09681
GO:0032880,Q6ZWJ1
GO:0032880,O60488
GO:0032880,P11215
GO:0032880,Q13557
GO:0032880,P11168
GO:0032880,Q9HD47
GO:0032880,Q13526
GO:0032880,O60478
GO:0032880,Q7Z5Y6
GO:0032880,P09471
GO:0032880,Q9BRT2
GO:0032880,O14713
GO:0032880,Q9BQL6
GO:0032880,Q9NPA8
GO:0032880,P05231
GO:0032880,Q7Z2X4
GO:0032880,Q13491
GO:0032880,O15294
GO:0032880,Q96AC1
GO:0032880,Q13467
GO:0032880,O60493
GO:0032880,P22303
GO:0032880,O60499
GO:0032880,Q86UK0
GO:0032880,Q92847
GO:0032880,Q86WG3
GO:0032880,Q86V86
GO:0032880,P01286
GO:0032880,O43511
GO:0032880,Q96DZ1
GO:0032880,P06493
GO:0032880,Q9HC96
GO:0032880,Q9BT67
GO:0032880,Q9BT40
GO:0032880,Q6IAA8
GO:0032880,P15153
GO:0032880,P10599
GO:0032880,Q99832
GO:0032880,O75840
GO:0032880,Q14012
GO:0032880,Q6VVB1
GO:0032880,P10600
GO:0032880,Q96CW1
GO:0032880,Q86UW2
GO:0032880,Q969E3
GO:0032880,P15382
GO:0032880,O43504
GO:0032880,P17252
GO:0032880,O15243
GO:0032880,P12830
GO:0032880,Q9C035
GO:0032880,Q8N668
GO:0032880,O75379
GO:0032880,P0DJI8
GO:0032880,Q587J8
GO:0032880,Q5BJF2
GO:0032880,Q16568
GO:0032880,P19022
GO:0032880,Q8NHG7
GO:0032880,P19086
GO:0032880,P08217
GO:0032880,P13569
GO:0032880,Q16539
GO:0032880,P13501
GO:0032880,Q9BZL1
GO:0032880,P08237
GO:0032880,Q8TAS1
GO:0032880,Q9H255
GO:0032880,P13796
GO:0032880,Q9H2B2
GO:0032880,O15130
GO:0032880,Q96QK1
GO:0032880,Q15907
GO:0032880,O15503
GO:0032880,P17858
GO:0032880,Q8NC67
GO:0032880,O14980
GO:0032880,Q9GZP9
GO:0032880,P17987
GO:0032880,Q30201
GO:0032880,O75365
GO:0032880,O75367
GO:0032880,Q96PN6
GO:0032880,Q8NBM4
GO:0032880,Q9C0E2
GO:0032880,Q16850
GO:0032880,Q16836
GO:0032880,Q8NBJ9
GO:0032880,Q8NE86
GO:0032880,Q16822
GO:0032880,Q53FP2
GO:0032880,O14966
GO:0032880,Q8N8U9
GO:0032880,P18509
GO:0032880,Q16623
GO:0032880,Q8NER5
GO:0032880,P07911
GO:0032880,Q8N5M9
GO:0032880,Q96RI1
GO:0032880,Q15848
GO:0032880,Q5T9L3
GO:0032880,O43768
GO:0032880,P01375
GO:0032880,Q5VST6
GO:0032880,Q5VVQ6
GO:0032880,P19784
GO:0032880,Q5VWZ2
GO:0032880,P17612
GO:0032880,P01579
GO:0032880,Q99497
GO:0032880,Q15363
GO:0032880,Q8IYM9
GO:0032880,Q99527
GO:0032880,Q9BV94
GO:0032880,Q8TF17
GO:0032880,Q8IY49
GO:0032880,O14842
GO:0032880,Q15327
GO:0032880,Q8TF66
GO:0032880,Q495W5
GO:0032880,Q6EEV6
GO:0032880,Q15466
GO:0032880,Q5T7M4
GO:0032880,O14907
GO:0032880,Q8N138
GO:0032880,O43745
GO:0032880,O43752
GO:0032880,Q9BXS4
GO:0032880,Q8TCF1
GO:0032880,Q8N335
GO:0032880,Q96JB5
GO:0032880,Q8N2K1
GO:0032880,Q9H300
GO:0032880,Q15743
GO:0032880,Q5S007
GO:0032880,O75608
GO:0032880,Q8N2G4
GO:0032880,Q8TCY5
GO:0032880,Q8TD43
GO:0032880,Q5SW96
GO:0032880,Q96T55
GO:0032880,P01275
GO:0032880,O75487
GO:0032880,Q8TDS4
GO:0032880,Q5T6X5
GO:0032880,Q96IZ2
GO:0032880,Q15546
GO:0032880,P01282
GO:0032880,Q96Q80
GO:0032880,Q8N608
GO:0032880,P62937
GO:0032880,P49286
GO:0032880,P62826
GO:0032880,P62834
GO:0032880,O00264
GO:0032880,P48745
GO:0032880,Q9Y2A7
GO:0032880,P36382
GO:0032880,P62942
GO:0032880,P28907
GO:0032880,Q9UEU0
GO:0032880,Q9UBU3
GO:0032880,P63000
GO:0032880,P48645
GO:0032880,P48643
GO:0032880,P48735
GO:0032880,P62760
GO:0032880,P29459
GO:0032880,P29460
GO:0032880,P49767
GO:0032880,P62258
GO:0032880,P49755
GO:0032880,P04035
GO:0032880,P30040
GO:0032880,P29992
GO:0032880,P04054
GO:0032880,O00254
GO:0032880,P35900
GO:0032880,Q9UIJ5
GO:0032880,P62330
GO:0032880,O95994
GO:0032880,Q9UII2
GO:0032880,O95166
GO:0032880,P49368
GO:0032880,P48546
GO:0032880,P49768
GO:0032880,P63027
GO:0032880,P63096
GO:0032880,P80108
GO:0032880,P80404
GO:0032880,P45844
GO:0032880,P84074
GO:0032880,P84095
GO:0032880,P43378
GO:0032880,A6NFQ2
GO:0032880,P01911
GO:0032880,P98066
GO:0032880,P98194
GO:0032880,P01584
GO:0032880,O94766
GO:0032880,P01112
GO:0032880,Q00535
GO:0032880,Q9NZC2
GO:0032880,Q9P021
GO:0032880,P78371
GO:0032880,P78317
GO:0032880,P63104
GO:0032880,O00410
GO:0032880,Q9UBE0
GO:0032880,Q9Y4C4
GO:0032880,P63165
GO:0032880,P63167
GO:0032880,Q9Y4K3
GO:0032880,P63244
GO:0032880,Q9P0U1
GO:0032880,A6NGQ2
GO:0032880,Q9Y577
GO:0032880,Q9P0K9
GO:0032880,P68036
GO:0032880,P68106
GO:0032880,P45983
GO:0032880,Q9Y4C2
GO:0032880,O96020
GO:0032880,Q9UK41
GO:0032880,O00233
GO:0032880,P56704
GO:0032880,P56856
GO:0032880,Q9UQ03
GO:0032880,P57729
GO:0032880,P02753
GO:0032880,P52306
GO:0032880,Q9UQM7
GO:0032880,Q9UPY5
GO:0032880,P31751
GO:0032880,O95563
GO:0032880,Q9UPM9
GO:0032880,O95544
GO:0032880,P60033
GO:0032880,P35346
GO:0032880,P35225
GO:0032880,P56539
GO:0032880,P02679
GO:0032880,O95573
GO:0032880,P53794
GO:0032880,P32926
GO:0032880,P54646
GO:0032880,Q9Y282
GO:0032880,P52565
GO:0032880,O00144
GO:0032880,P55085
GO:0032880,O95876
GO:0032880,O95704
GO:0032880,P55786
GO:0032880,P55809
GO:0032880,P55851
GO:0032880,P31947
GO:0032880,O00159
GO:0032880,P31946
GO:0032880,P35372
GO:0032880,P61981
GO:0032880,Q9UNK0
GO:0032880,P02786
GO:0032880,P30626
GO:0032880,P50750
GO:0032880,Q9ULC3
GO:0032880,Q9Y371
GO:0032880,P50461
GO:0032880,P30273
GO:0032880,P50990
GO:0032880,P50416
GO:0032880,Q9UKT5
GO:0032880,P03950
GO:0032880,P61812
GO:0032880,P61925
GO:0032880,P35813
GO:0032880,P61960
GO:0032880,P50395
GO:0032880,P61106
GO:0032880,O00206
GO:0032880,P51151
GO:0032880,Q9Y2Y6
GO:0032880,P60604
GO:0032880,P35557
GO:0032880,P31150
GO:0032880,P60709
GO:0032880,P60880
GO:0032880,Q9UMY4
GO:0032880,P51654
GO:0032880,Q9UMX2
GO:0032880,P61006
GO:0032880,P51572
GO:0032880,Q9NQ48
GO:0032880,P51451
GO:0032880,P35609
GO:0032880,P61077
GO:0032880,P35462
GO:0032880,Q00610
GO:0032880,P52803
GO:0032880,P05107
GO:0032880,P40227
GO:0032880,P24723
GO:0032880,Q9Y5U9
GO:0032880,O14681
GO:0032880,Q9Y6X1
GO:0032880,P27105
GO:0032880,P23560
GO:0032880,Q9NRD5
GO:0032880,P41159
GO:0032880,Q9Y698
GO:0032880,P42336
GO:0032880,Q12846
GO:0032880,Q9Y6M5
GO:0032880,Q13277
GO:0032880,P41217
GO:0032880,P23528
GO:0032880,Q9Y6E7
GO:0032880,P05019
GO:0032880,Q9NRX4
GO:0032880,Q07817
GO:0032880,P37231
GO:0032880,P41221
GO:0032880,Q05655
GO:0032880,P00367
GO:0032880,P25101
GO:0032880,P01137
GO:0032880,Q12891
GO:0032880,O00755
GO:0032880,O14656
GO:0032880,Q13303
GO:0032880,P41743
GO:0032880,Q9NV96
GO:0032880,Q08752
GO:0032880,Q9NQR9
GO:0032880,P01583
GO:0032880,P43005
GO:0032880,P41240
GO:0032880,P05090
GO:0032880,P05106
GO:0032880,Q9NQG6
GO:0032880,Q9NXF8
GO:0032922,O15379
GO:0032922,Q02363
GO:0032922,P36873
GO:0032922,P14416
GO:0032922,Q9BQG2
GO:0032922,O15294
GO:0032922,P35462
GO:0032922,Q15466
GO:0032922,P62140
GO:0032922,P62136
GO:0032922,Q9BWF3
GO:0032922,Q16568
GO:0032922,Q8N371
GO:0032922,Q06210
GO:0032922,Q07869
GO:0032922,P43490
GO:0032922,P41968
GO:0032922,Q9BQ04
GO:0032922,O14744
GO:0033365,Q9H9S5
GO:0033365,Q6ZV65
GO:0033365,P61026
GO:0033365,P61011
GO:0033365,Q9Y371
GO:0033365,P62072
GO:0033365,P61006
GO:0033365,Q8NFJ9
GO:0033365,P51572
GO:0033365,Q709C8
GO:0033365,Q96MD2
GO:0033365,Q9NS69
GO:0033365,P16870
GO:0033365,Q9Y6C9
GO:0033365,Q8NBM4
GO:0033365,Q14108
GO:0033365,O60830
GO:0033365,P23528
GO:0033365,O95476
GO:0033365,Q96QK1
GO:0033365,Q10713
GO:0033365,P61009
GO:0033365,Q9HB90
GO:0033365,Q8NEZ2
GO:0033365,Q9Y6A9
GO:0033365,Q6TCH7
GO:0033365,Q6SZW1
GO:0033365,O14773
GO:0033365,Q9NUN5
GO:0033365,O15258
GO:0033365,P16104
GO:0033365,O15503
GO:0033365,P09132
GO:0033365,Q96DA6
GO:0033365,P61619
GO:0033365,P21728
GO:0033365,Q9HAT0
GO:0033365,Q9NUX5
GO:0033365,Q8NEZ3
GO:0033365,Q14397
GO:0033365,Q8NC67
GO:0033365,P50461
GO:0033365,Q8NDW8
GO:0033365,Q96MV8
GO:0033365,P51149
GO:0033365,P61970
GO:0033365,Q6ZRQ5
GO:0033365,Q96NH3
GO:0033365,P15927
GO:0033365,P11233
GO:0033365,O60683
GO:0033365,Q8NCM8
GO:0033365,Q9HAV7
GO:0033365,P30536
GO:0033365,Q9Y698
GO:0033365,Q6UX40
GO:0033365,P50748
GO:0033365,Q9UM00
GO:0033365,P06899
GO:0033365,Q96EY5
GO:0033365,Q75QN2
GO:0033365,Q9NPA0
GO:0033365,P55735
GO:0033365,O15379
GO:0033365,Q13526
GO:0033365,P05161
GO:0033365,P52306
GO:0033365,P55957
GO:0033365,Q99623
GO:0033365,Q9Y2T2
GO:0033365,Q9Y230
GO:0033365,P10909
GO:0033365,Q99797
GO:0033365,Q13571
GO:0033365,P56589
GO:0033365,O00170
GO:0033365,P56856
GO:0033365,O43402
GO:0033365,Q96RL7
GO:0033365,Q99595
GO:0033365,Q9Y276
GO:0033365,Q8N1F7
GO:0033365,P23025
GO:0033365,P53801
GO:0033365,Q8IZL9
GO:0033365,Q99497
GO:0033365,Q96T52
GO:0033365,P33947
GO:0033365,P55060
GO:0033365,P40616
GO:0033365,P52789
GO:0033365,Q99567
GO:0033365,Q8IY31
GO:0033365,P54646
GO:0033365,Q8N2H4
GO:0033365,Q9Y284
GO:0033365,Q96B49
GO:0033365,O95760
GO:0033365,Q86WT6
GO:0033365,O14657
GO:0033365,Q86VN1
GO:0033365,P31371
GO:0033365,P60468
GO:0033365,P60520
GO:0033365,O60220
GO:0033365,Q8N8Q8
GO:0033365,O75800
GO:0033365,Q15629
GO:0033365,Q8N766
GO:0033365,P60602
GO:0033365,Q7L523
GO:0033365,O43292
GO:0033365,Q9NRW1
GO:0033365,P39900
GO:0033365,O43731
GO:0033365,P06493
GO:0033365,O60359
GO:0033365,Q7L5D6
GO:0033365,Q7Z3B4
GO:0033365,Q7Z412
GO:0033365,Q7Z4L5
GO:0033365,Q8N4V1
GO:0033365,O14656
GO:0033365,A0AVF1
GO:0033365,Q9UPY8
GO:0033365,Q13702
GO:0033365,Q13795
GO:0033365,Q13087
GO:0033365,P52292
GO:0033365,Q86UA6
GO:0033365,Q8N609
GO:0033365,Q9Y2Y0
GO:0033365,P10809
GO:0033365,O95970
GO:0033365,P60033
GO:0033365,Q969V3
GO:0033365,Q7Z4Q2
GO:0033365,P60059
GO:0033365,Q9BRG1
GO:0033365,Q8N9A8
GO:0033365,Q9UK41
GO:0033365,P62258
GO:0033365,Q9Y584
GO:0033365,Q9P0U1
GO:0033365,Q9Y5J6
GO:0033365,Q9Y5J7
GO:0033365,Q9Y5K1
GO:0033365,P36405
GO:0033365,P28223
GO:0033365,Q9GZZ8
GO:0033365,Q9H061
GO:0033365,Q96H20
GO:0033365,Q96GX1
GO:0033365,Q9Y5K8
GO:0033365,O14966
GO:0033365,P37108
GO:0033365,Q9Y5L0
GO:0033365,Q9P0J0
GO:0033365,P04908
GO:0033365,O14980
GO:0033365,Q9H082
GO:0033365,Q15363
GO:0033365,O94829
GO:0033365,Q53H12
GO:0033365,P63098
GO:0033365,Q53FT3
GO:0033365,P63165
GO:0033365,P11441
GO:0033365,O00628
GO:0033365,Q8TEB7
GO:0033365,Q15286
GO:0033365,Q9Y512
GO:0033365,Q8TEX9
GO:0033365,Q9Y3A4
GO:0033365,Q9P2L0
GO:0033365,P28328
GO:0033365,Q9P2H3
GO:0033365,P36404
GO:0033365,O75367
GO:0033365,O00623
GO:0033365,O43264
GO:0033365,Q53H80
GO:0033365,Q9Y5L4
GO:0033365,P18085
GO:0033365,P43220
GO:0033365,Q96ES7
GO:0033365,O00505
GO:0033365,P19367
GO:0033365,Q96FV3
GO:0033365,Q9NYP9
GO:0033365,O43615
GO:0033365,Q9H2K2
GO:0033365,Q9H2M9
GO:0033365,Q15785
GO:0033365,Q9H3M7
GO:0033365,Q9NYG2
GO:0033365,Q00535
GO:0033365,Q9H3U5
GO:0033365,Q9Y5T4
GO:0033365,Q00604
GO:0033365,Q9NXI6
GO:0033365,O75439
GO:0033365,Q9H0E2
GO:0033365,Q03395
GO:0033365,O75431
GO:0033365,P07911
GO:0033365,Q9H0F7
GO:0033365,Q9P0I2
GO:0033365,A1A4Y4
GO:0033365,Q9Y5Y5
GO:0033365,Q9H0N0
GO:0033365,Q9P021
GO:0033365,P10124
GO:0033365,Q96GD4
GO:0033365,O14925
GO:0033365,Q9NX47
GO:0033365,Q9H4M9
GO:0033365,P83436
GO:0033365,Q9NZJ7
GO:0033365,Q15388
GO:0033365,Q8WWB7
GO:0033365,Q8WWC4
GO:0033365,Q9Y5U4
GO:0033365,O43681
GO:0033365,P63208
GO:0033365,Q96JI7
GO:0033365,P17612
GO:0033365,Q9UHQ4
GO:0033365,P38936
GO:0033365,Q9Y3D6
GO:0033365,O95140
GO:0033365,O43504
GO:0033365,Q9Y664
GO:0033365,P62826
GO:0033365,Q9BXC9
GO:0033365,Q9UI26
GO:0033365,Q9BVK8
GO:0033365,Q9BVV7
GO:0033365,P62805
GO:0033365,P62829
GO:0033365,Q9H900
GO:0033365,P49458
GO:0033365,O00258
GO:0033365,Q15006
GO:0033365,Q15005
GO:0033365,P62330
GO:0033365,Q96DT5
GO:0033365,Q14974
GO:0033365,Q9BW27
GO:0033365,Q08209
GO:0033365,A8MTZ0
GO:0033365,P10599
GO:0033365,P49450
GO:0033365,Q8TBE1
GO:0033365,Q5SXM8
GO:0033365,Q5S007
GO:0033365,Q8TB36
GO:0033365,Q9BV81
GO:0033365,P20340
GO:0033365,Q9BUV8
GO:0033365,Q0VGL1
GO:0033365,Q9BZX4
GO:0033365,P20645
GO:0033365,Q9H7B2
GO:0033365,P49755
GO:0033365,P62955
GO:0033365,P0DP25
GO:0033365,Q9UJV3
GO:0033365,A9QM74
GO:0033365,Q9Y657
GO:0033365,O43684
GO:0033365,Q07812
GO:0033365,O00410
GO:0033365,O14787
GO:0033365,P62913
GO:0033365,Q5J8M3
GO:0033365,Q9UJ83
GO:0033365,Q9NV96
GO:0033365,Q92930
GO:0033365,Q5MJ70
GO:0033365,P49069
GO:0033365,P13473
GO:0033365,Q9UJQ1
GO:0033365,Q5JT25
GO:0033365,Q9NVJ2
GO:0033365,P24390
GO:0033365,Q9Y3D7
GO:0033628,P00813
GO:0033628,P00749
GO:0033628,P13501
GO:0033628,P27487
GO:0033628,O14713
GO:0033628,Q9H244
GO:0033628,P05106
GO:0033628,P61812
GO:0033628,P60763
GO:0033628,Q9BX67
GO:0033628,O00585
GO:0033628,P07949
GO:0033628,O43927
GO:0033628,Q5QJU3
GO:0033628,P20827
GO:0033628,Q16678
GO:0033628,Q99828
GO:0033628,P07948
GO:0033628,Q86UX7
GO:0033628,P07766
GO:0033628,P15018
GO:0033628,P29322
GO:0033628,Q9BQL6
GO:0033628,Q96BS2
GO:0033628,Q96HF1
GO:0033628,P05121
GO:0040029,A9QM74
GO:0040029,Q96KK5
GO:0040029,O15527
GO:0040029,P35232
GO:0040029,P01344
GO:0040029,Q96DB2
GO:0040029,P42336
GO:0040029,Q8NA77
GO:0040029,P0C0S5
GO:0040029,Q8NHZ7
GO:0040029,P0C5Y9
GO:0040029,Q96QV6
GO:0040029,O43257
GO:0040029,Q92990
GO:0040029,Q93077
GO:0040029,Q8N3Y7
GO:0040029,Q9Y657
GO:0040029,P42127
GO:0040029,Q8N3J2
GO:0040029,Q8WWH4
GO:0040029,Q8WWY6
GO:0040029,P35789
GO:0040029,Q8NDG6
GO:0040029,Q96ES7
GO:0040029,P0C5Z0
GO:0040029,P41238
GO:0040029,Q9Y5N5
GO:0040029,Q9Y2J8
GO:0040029,O75844
GO:0040029,Q9HCE1
GO:0040029,Q6W0C5
GO:0040029,Q7L7L0
GO:0040029,Q9NVM4
GO:0040029,P20671
GO:0040029,Q71UI9
GO:0040029,P09430
GO:0040029,Q9H5I1
GO:0040029,Q05481
GO:0040029,P04908
GO:0040029,Q6ZV65
GO:0040029,Q5JVF3
GO:0040029,Q9NXW9
GO:0040029,Q9BTM1
GO:0040029,Q9NYP9
GO:0040029,P27695
GO:0040029,P84243
GO:0040029,Q6TGC4
GO:0040029,P16104
GO:0040029,Q9BY41
GO:0040029,Q9UFW8
GO:0040029,Q9UI30
GO:0040029,O75344
GO:0040029,Q9C005
GO:0040029,O75367
GO:0040029,Q99878
GO:0040029,Q3KNV8
GO:0040029,Q9UJW3
GO:0040029,Q6NTF7
GO:0040029,O60678
GO:0040029,Q16777
GO:0040029,O14929
GO:0040029,Q16531
GO:0040029,Q9GZX7
GO:0040029,P60008
GO:0040029,Q9UH17
GO:0040029,Q9HCX3
GO:0040029,O14757
GO:0040029,Q12824
GO:0040029,Q86XA0
GO:0040029,Q9Y235
GO:0040029,Q8IUE6
GO:0040029,P31941
GO:0040029,Q9NV06
GO:0040029,O15379
GO:0040029,Q9NRW3
GO:0040029,O14744
GO:0040029,P14373
GO:0040029,Q14739
GO:0040029,Q13686
GO:0040029,Q9HC16
GO:0040029,P07203
GO:0040029,Q8IUX4
GO:0042176,Q30201
GO:0042176,Q2TBA0
GO:0042176,O75677
GO:0042176,Q8WUJ0
GO:0042176,O75832
GO:0042176,Q9Y5K5
GO:0042176,P46695
GO:0042176,Q9P0N8
GO:0042176,Q96H20
GO:0042176,Q16850
GO:0042176,P46459
GO:0042176,P68104
GO:0042176,Q9Y6J6
GO:0042176,Q9P0J0
GO:0042176,P67870
GO:0042176,O14977
GO:0042176,O14980
GO:0042176,Q9P0T7
GO:0042176,Q13496
GO:0042176,P62913
GO:0042176,Q13526
GO:0042176,P17612
GO:0042176,P48729
GO:0042176,Q13257
GO:0042176,Q96A70
GO:0042176,Q13190
GO:0042176,Q96HU1
GO:0042176,Q9C0D3
GO:0042176,P48506
GO:0042176,P63165
GO:0042176,P17980
GO:0042176,Q8TEB7
GO:0042176,Q13619
GO:0042176,P01584
GO:0042176,P63244
GO:0042176,P01282
GO:0042176,P12830
GO:0042176,P68543
GO:0042176,Q9HCM9
GO:0042176,O00487
GO:0042176,Q15370
GO:0042176,P19784
GO:0042176,Q9Y616
GO:0042176,Q05639
GO:0042176,P01579
GO:0042176,Q92832
GO:0042176,P07093
GO:0042176,P07355
GO:0042176,P24941
GO:0042176,Q06323
GO:0042176,Q9NV35
GO:0042176,P20851
GO:0042176,Q96DX5
GO:0042176,O43508
GO:0042176,O75618
GO:0042176,P01130
GO:0042176,P07203
GO:0042176,Q9H4P4
GO:0042176,Q15393
GO:0042176,Q03113
GO:0042176,P11926
GO:0042176,P80108
GO:0042176,O14908
GO:0042176,P81172
GO:0042176,Q16531
GO:0042176,Q92990
GO:0042176,P10909
GO:0042176,P43686
GO:0042176,O75396
GO:0042176,P22301
GO:0042176,Q9NZC2
GO:0042176,P10619
GO:0042176,Q8WXH4
GO:0042176,P41221
GO:0042176,Q8WXU2
GO:0042176,Q96FV3
GO:0042176,Q8WY64
GO:0042176,Q92519
GO:0042176,Q9H3N1
GO:0042176,Q13049
GO:0042176,Q99497
GO:0042176,Q6ZXV5
GO:0042176,Q96JB5
GO:0042176,Q9BT67
GO:0042176,P61289
GO:0042176,Q6UW56
GO:0042176,Q9UL46
GO:0042176,Q96PM5
GO:0042176,P14735
GO:0042176,P0CG47
GO:0042176,P35625
GO:0042176,Q6TCH7
GO:0042176,Q9UL15
GO:0042176,P13716
GO:0042176,P60033
GO:0042176,Q6P9F5
GO:0042176,P61956
GO:0042176,O95858
GO:0042176,Q8IWZ6
GO:0042176,Q96P63
GO:0042176,P16035
GO:0042176,P49069
GO:0042176,P51149
GO:0042176,P15559
GO:0042176,P60520
GO:0042176,Q7L5Y6
GO:0042176,Q7Z7L7
GO:0042176,Q96QK1
GO:0042176,P35232
GO:0042176,P02787
GO:0042176,Q9UMY4
GO:0042176,P51654
GO:0042176,P51572
GO:0042176,Q8NBP7
GO:0042176,P59103
GO:0042176,Q8NBQ7
GO:0042176,Q9UMX2
GO:0042176,O60493
GO:0042176,O15294
GO:0042176,P61086
GO:0042176,Q8NEZ5
GO:0042176,Q8NF37
GO:0042176,P01033
GO:0042176,Q9UKA1
GO:0042176,P35998
GO:0042176,P49789
GO:0042176,P01375
GO:0042176,Q9UIJ5
GO:0042176,O95760
GO:0042176,Q9BW61
GO:0042176,P62333
GO:0042176,O95166
GO:0042176,P54578
GO:0042176,Q9UI95
GO:0042176,Q96KB5
GO:0042176,P14136
GO:0042176,O95816
GO:0042176,Q5S007
GO:0042176,Q9Y297
GO:0042176,P04062
GO:0042176,P01308
GO:0042176,Q8N668
GO:0042176,Q96RU7
GO:0042176,Q9UK41
GO:0042176,P49768
GO:0042176,P62195
GO:0042176,Q8NHG7
GO:0042176,Q6ICB0
GO:0042176,P62079
GO:0042176,P04035
GO:0042176,P01034
GO:0042176,O95352
GO:0042176,Q8NHS3
GO:0043254,P10909
GO:0043254,Q96BD8
GO:0043254,Q9NR31
GO:0043254,Q9Y2C9
GO:0043254,Q99572
GO:0043254,Q99871
GO:0043254,Q9H9E1
GO:0043254,Q99497
GO:0043254,Q9NPJ1
GO:0043254,P05161
GO:0043254,Q99836
GO:0043254,Q9Y6U3
GO:0043254,Q9Y6B6
GO:0043254,E0CX11
GO:0043254,Q96CS2
GO:0043254,P05113
GO:0043254,Q9UPY8
GO:0043254,Q9Y258
GO:0043254,Q9NUQ9
GO:0043254,Q9Y257
GO:0043254,O14613
GO:0043254,Q9HB14
GO:0043254,Q9NSA3
GO:0043254,P02549
GO:0043254,P09919
GO:0043254,Q9Y2A7
GO:0043254,P02786
GO:0043254,O00175
GO:0043254,O00206
GO:0043254,O15294
GO:0043254,P03956
GO:0043254,O15511
GO:0043254,P04062
GO:0043254,Q96LC9
GO:0043254,Q9Y5B8
GO:0043254,Q9BVC4
GO:0043254,P04350
GO:0043254,Q9UIC8
GO:0043254,O15145
GO:0043254,Q9BX67
GO:0043254,P08134
GO:0043254,P01375
GO:0043254,P0DMW2
GO:0043254,P08567
GO:0043254,P04180
GO:0043254,Q9Y295
GO:0043254,Q9BXN2
GO:0043254,Q96JC1
GO:0043254,O15144
GO:0043254,Q96GS6
GO:0043254,O00198
GO:0043254,Q96GR4
GO:0043254,Q9UKC9
GO:0043254,Q9BQL6
GO:0043254,Q9UNG2
GO:0043254,A1A4Y4
GO:0043254,Q9H6D7
GO:0043254,Q9NVX0
GO:0043254,P01579
GO:0043254,Q96QK1
GO:0043254,Q9NX47
GO:0043254,P07737
GO:0043254,Q96F44
GO:0043254,O00585
GO:0043254,Q9ULZ3
GO:0043254,P02511
GO:0043254,Q9NZC2
GO:0043254,Q9Y5T4
GO:0043254,Q9H269
GO:0043254,Q9BTW9
GO:0043254,Q9Y371
GO:0043254,Q9H244
GO:0043254,Q9H115
GO:0043254,P04141
GO:0043254,P40429
GO:0043254,P61224
GO:0043254,P62714
GO:0043254,Q8WUW1
GO:0043254,P54920
GO:0043254,P33316
GO:0043254,P19525
GO:0043254,P52907
GO:0043254,Q8WVY7
GO:0043254,Q96AX1
GO:0043254,O95834
GO:0043254,Q13490
GO:0043254,P35080
GO:0043254,Q6PJ69
GO:0043254,Q8WXC3
GO:0043254,P63000
GO:0043254,P13796
GO:0043254,P51671
GO:0043254,Q13323
GO:0043254,Q13315
GO:0043254,P61266
GO:0043254,O94907
GO:0043254,Q16611
GO:0043254,P32248
GO:0043254,P63244
GO:0043254,Q8WUH2
GO:0043254,P16050
GO:0043254,Q8TAM1
GO:0043254,P61764
GO:0043254,Q8IVG9
GO:0043254,Q70EL3
GO:0043254,Q8NHG7
GO:0043254,Q8NFX7
GO:0043254,P61968
GO:0043254,P20936
GO:0043254,Q14164
GO:0043254,P15692
GO:0043254,Q8TDX7
GO:0043254,P60953
GO:0043254,Q14019
GO:0043254,P58546
GO:0043254,Q15078
GO:0043254,P62328
GO:0043254,P62330
GO:0043254,P56539
GO:0043254,P62333
GO:0043254,P55957
GO:0043254,Q8NCU8
GO:0043254,O43639
GO:0043254,Q16623
GO:0043254,P63165
GO:0043254,P16671
GO:0043254,P84243
GO:0043254,P48729
GO:0043254,Q12933
GO:0043254,Q12864
GO:0043254,Q504Y0
GO:0043254,O43927
GO:0043254,Q56P42
GO:0043254,Q969V3
GO:0043254,P23528
GO:0043254,Q68CZ6
GO:0043254,Q05513
GO:0043254,Q12792
GO:0043254,Q05655
GO:0043254,P40121
GO:0043254,P41143
GO:0043254,Q5S007
GO:0043254,Q07812
GO:0043254,Q5T2T1
GO:0043254,Q96AC1
GO:0043254,P45983
GO:0043254,Q6IBS0
GO:0043254,P61586
GO:0043254,O94813
GO:0043254,O94811
GO:0043254,P67775
GO:0043254,P78317
GO:0043254,P47756
GO:0043254,P47755
GO:0043254,Q86TP1
GO:0043254,P23396
GO:0043254,P46736
GO:0043254,O43761
GO:0043254,P36404
GO:0043254,P11234
GO:0043254,Q93045
GO:0043254,Q5TA50
GO:0043254,P01137
GO:0043254,P14136
GO:0043254,P23381
GO:0043393,P09914
GO:0043393,P13612
GO:0043393,P14735
GO:0043393,P63244
GO:0043393,P62826
GO:0043393,P23560
GO:0043393,O75955
GO:0043393,P03973
GO:0043393,P22301
GO:0043393,Q9NSA3
GO:0043393,Q14012
GO:0043393,Q03591
GO:0043393,P62913
GO:0043393,Q13145
GO:0043393,Q13526
GO:0043393,O14713
GO:0043393,P09913
GO:0043393,Q07812
GO:0043393,P45983
GO:0043393,Q5SW96
GO:0043393,Q8WV92
GO:0043393,P19474
GO:0043393,Q15848
GO:0043393,Q9BXR6
GO:0043393,Q8WUJ0
GO:0043393,P57730
GO:0043393,Q5EG05
GO:0043393,Q9H8T0
GO:0043393,Q9H772
GO:0043393,P11234
GO:0043393,P36980
GO:0048024,O95319
GO:0048024,O14744
GO:0048024,Q93062
GO:0048024,Q96PU8
GO:0048024,Q9BQA1
GO:0048024,P30041
GO:0048024,Q9BX46
GO:0048024,Q6ZRY4
GO:0048024,Q9UMS4
GO:0048024,Q2TAY7
GO:0048024,Q8IWL8
GO:0048024,Q92879
GO:0048024,P61326
GO:0048024,Q9Y5S9
GO:0048024,O00422
GO:0048024,Q9BWF3
GO:0050790,Q3KRB8
GO:0050790,Q16763
GO:0050790,Q30KQ6
GO:0050790,P23396
GO:0050790,Q13257
GO:0050790,O75367
GO:0050790,Q9NR00
GO:0050790,Q16832
GO:0050790,Q9GZN4
GO:0050790,P05154
GO:0050790,P24530
GO:0050790,P24522
GO:0050790,P24158
GO:0050790,Q5S007
GO:0050790,Q5MJ70
GO:0050790,Q5IJ48
GO:0050790,P08246
GO:0050790,Q9NSG2
GO:0050790,Q9BZG2
GO:0050790,P08134
GO:0050790,Q12846
GO:0050790,Q9C0K7
GO:0050790,P18509
GO:0050790,P07948
GO:0050790,Q12933
GO:0050790,Q9GZV9
GO:0050790,Q9H0E7
GO:0050790,Q14416
GO:0050790,Q16667
GO:0050790,Q9H7M9
GO:0050790,Q14061
GO:0050790,P21980
GO:0050790,P01160
GO:0050790,Q15078
GO:0050790,O75689
GO:0050790,P01579
GO:0050790,Q14012
GO:0050790,Q14832
GO:0050790,O14775
GO:0050790,Q9H9Q4
GO:0050790,Q14240
GO:0050790,P07108
GO:0050790,P01258
GO:0050790,Q14393
GO:0050790,Q14397
GO:0050790,P21918
GO:0050790,P20800
GO:0050790,Q15208
GO:0050790,P07384
GO:0050790,Q16620
GO:0050790,P05230
GO:0050790,O14713
GO:0050790,O14944
GO:0050790,Q16539
GO:0050790,Q9H227
GO:0050790,Q15848
GO:0050790,Q9NQ88
GO:0050790,Q9H2M9
GO:0050790,O75531
GO:0050790,Q15546
GO:0050790,Q13526
GO:0050790,P07602
GO:0050790,P06280
GO:0050790,Q15363
GO:0050790,Q13882
GO:0050790,P22033
GO:0050790,P23381
GO:0050790,Q16595
GO:0050790,O75832
GO:0050790,O00762
GO:0050790,P49758
GO:0050790,Q9Y376
GO:0050790,P50452
GO:0050790,P50453
GO:0050790,O95980
GO:0050790,Q9Y314
GO:0050790,P35250
GO:0050790,P35249
GO:0050790,O95925
GO:0050790,P51959
GO:0050790,P34998
GO:0050790,Q9Y2C9
GO:0050790,P52803
GO:0050790,Q9Y297
GO:0050790,P54764
GO:0050790,P54851
GO:0050790,P55085
GO:0050790,Q9Y255
GO:0050790,P31947
GO:0050790,Q9Y224
GO:0050790,Q9UQM7
GO:0050790,P57771
GO:0050790,Q9UNH7
GO:0050790,P60903
GO:0050790,P02788
GO:0050790,P01019
GO:0050790,P30793
GO:0050790,P36222
GO:0050790,P30740
GO:0050790,P48594
GO:0050790,P48546
GO:0050790,P01730
GO:0050790,P40937
GO:0050790,P40938
GO:0050790,P41159
GO:0050790,Q9Y6E7
GO:0050790,P41221
GO:0050790,P00441
GO:0050790,P39877
GO:0050790,P38936
GO:0050790,P41597
GO:0050790,O96020
GO:0050790,P42771
GO:0050790,Q9Y5W8
GO:0050790,A1A4Y4
GO:0050790,P43080
GO:0050790,P43220
GO:0050790,P43356
GO:0050790,P01911
GO:0050790,P45983
GO:0050790,P36888
GO:0050790,P46734
GO:0050790,P47211
GO:0050790,P48059
GO:0050790,A6NI73
GO:0050790,P36404
GO:0050790,Q9Y4K3
GO:0050790,A8K2U0
GO:0050790,Q9Y3L5
GO:0050790,Q08116
GO:0050790,Q9ULZ3
GO:0050790,Q9ULV4
GO:0050790,P63208
GO:0050790,Q9P2J5
GO:0050790,P63244
GO:0050790,P04406
GO:0050790,Q9P0R6
GO:0050790,Q9P0N9
GO:0050790,P80108
GO:0050790,P80511
GO:0050790,Q9NZH0
GO:0050790,P84095
GO:0050790,Q9NZ42
GO:0050790,O94766
GO:0050790,P04629
GO:0050790,O76095
GO:0050790,O76093
GO:0050790,P04899
GO:0050790,P27361
GO:0050790,Q04837
GO:0050790,P26718
GO:0050790,Q9NWY4
GO:0050790,P05019
GO:0050790,Q9NWS0
GO:0050790,Q05639
GO:0050790,O00623
GO:0050790,Q05655
GO:0050790,P25101
GO:0050790,P01127
GO:0050790,P04216
GO:0050790,P61221
GO:0050790,O95057
GO:0050790,P28799
GO:0050790,P61225
GO:0050790,Q9ULL4
GO:0050790,P30518
GO:0050790,Q9UL19
GO:0050790,Q9UL15
GO:0050790,P01033
GO:0050790,P61586
GO:0050790,Q9UKT4
GO:0050790,P61925
GO:0050790,P61968
GO:0050790,P61981
GO:0050790,Q9UK73
GO:0050790,P62081
GO:0050790,P30048
GO:0050790,Q9UIV8
GO:0050790,P62328
GO:0050790,Q9UII2
GO:0050790,P29508
GO:0050790,Q9UI95
GO:0050790,O95150
GO:0050790,P29275
GO:0050790,P62829
GO:0050790,P62834
GO:0050790,Q9UGN4
GO:0050790,P04090
GO:0050790,P62913
GO:0050790,P62937
GO:0050790,P28562
GO:0050790,P01584
GO:0050790,A0A0C5B5G6
GO:0050790,Q6TCH7
GO:0050790,P01308
GO:0050790,Q92519
GO:0050790,Q99627
GO:0050790,Q99623
GO:0050790,Q8NE79
GO:0050790,Q8NDZ4
GO:0050790,Q8ND76
GO:0050790,Q8IXQ6
GO:0050790,P16233
GO:0050790,Q8NCT1
GO:0050790,Q8IY49
GO:0050790,P11488
GO:0050790,O15492
GO:0050790,P11234
GO:0050790,Q6P4H8
GO:0050790,Q9BUL8
GO:0050790,P14373
GO:0050790,Q96QG7
GO:0050790,Q96D15
GO:0050790,P12004
GO:0050790,Q9BUZ4
GO:0050790,Q99653
GO:0050790,Q6XUX3
GO:0050790,Q96JB5
GO:0050790,Q7Z3Z2
GO:0050790,P15498
GO:0050790,Q8TCI5
GO:0050790,Q8TC07
GO:0050790,Q96HU8
GO:0050790,P09769
GO:0050790,P0DMS9
GO:0050790,Q8WTW4
GO:0050790,Q96HU1
GO:0050790,Q9BRG1
GO:0050790,Q86WI3
GO:0050790,P15880
GO:0050790,Q99828
GO:0050790,O60478
GO:0050790,P0DMS8
GO:0050790,Q96H20
GO:0050790,P12544
GO:0050790,Q8NFJ5
GO:0050790,P16035
GO:0050790,Q969G6
GO:0050790,P13385
GO:0050790,Q9BVC3
GO:0050790,Q96SZ6
GO:0050790,Q8N271
GO:0050790,Q9BVA6
GO:0050790,P17342
GO:0050790,P08754
GO:0050790,Q96S16
GO:0050790,P01375
GO:0050790,Q8N300
GO:0050790,Q96B67
GO:0050790,Q96A70
GO:0050790,Q96BZ9
GO:0050790,O43320
GO:0050790,O15455
GO:0050790,O43745
GO:0050790,Q96RU7
GO:0051101,O60869
GO:0051101,O00488
GO:0051101,P49768
GO:0051101,P63165
GO:0051101,P05019
GO:0051101,P15531
GO:0051101,Q00403
GO:0051101,P67870
GO:0051101,P01579
GO:0051101,Q6EEV6
GO:0051101,Q99829
GO:0051101,Q03405
GO:0051101,P12544
GO:0051101,P10599
GO:0051101,Q9C030
GO:0061013,P38919
GO:0061013,Q8TBY0
GO:0061013,Q9HCE1
GO:0061013,P62487
GO:0061013,Q99836
GO:0061013,Q96A09
GO:0061013,O00463
GO:0061013,P39905
GO:0061013,Q5VWP2
GO:0061013,P52758
GO:0061013,Q14CZ7
GO:0061013,Q14164
GO:0061013,Q8NEK8
GO:0061013,P41238
GO:0061013,P78543
GO:0061013,Q9UL18
GO:0061013,Q9Y2V2
GO:0061013,Q12933
GO:0061013,Q9UIV1
GO:0061013,P61326
GO:0061013,Q05655
GO:0061013,Q96A72
GO:0061013,O75534
GO:0061013,P11684
GO:0061013,Q7L8L6
GO:0061013,Q92600
GO:0061013,Q6L8Q7
GO:0061013,P60321
GO:0061013,Q9C0B1
GO:0061013,Q9UFF9
GO:0061013,Q969Z0
GO:0061013,Q9NYY8
GO:0061013,P01282
GO:0061013,P62955
GO:0061013,Q9NQ94
GO:0061013,Q96C86
GO:0061013,Q8NA58
GO:0061013,Q9Y5S9
GO:0061013,P30988
GO:0061013,Q96IP4
GO:0061013,Q969T7
GO:0061013,Q504Q3
GO:0061013,Q8N0Z6
GO:0061013,Q53R41
GO:0061013,Q8TCS8
GO:0061013,Q96LI5
GO:0061013,O15116
GO:0061013,Q92879
GO:0061013,Q96PU8
GO:0061013,P17252
GO:0061013,Q16539
GO:0061013,P27695
GO:0061013,P48200
GO:0061013,Q9BX46
GO:0061013,Q9ULM6
GO:0065003,O95445
GO:0065003,P03891
GO:0065003,Q96L21
GO:0065003,Q8TAM1
GO:0065003,Q8TCS8
GO:0065003,Q8TDN1
GO:0065003,Q9ULK4
GO:0065003,P61769
GO:0065003,Q9UKY0
GO:0065003,Q9UM07
GO:0065003,P61758
GO:0065003,P61764
GO:0065003,P03905
GO:0065003,Q8TAE7
GO:0065003,O00212
GO:0065003,Q9ULX5
GO:0065003,O95461
GO:0065003,O95456
GO:0065003,P03886
GO:0065003,P0C5Y9
GO:0065003,Q9UL33
GO:0065003,Q9ULZ3
GO:0065003,Q96KK3
GO:0065003,P03915
GO:0065003,Q8TB37
GO:0065003,Q9ULC4
GO:0065003,Q9UL18
GO:0065003,P13498
GO:0065003,P03923
GO:0065003,P63252
GO:0065003,Q8TD43
GO:0065003,Q96JB1
GO:0065003,Q96T52
GO:0065003,Q9UBQ5
GO:0065003,P03950
GO:0065003,Q8N4T8
GO:0065003,P28331
GO:0065003,Q96PS8
GO:0065003,P29466
GO:0065003,Q8N511
GO:0065003,Q9UI43
GO:0065003,P62805
GO:0065003,P62807
GO:0065003,Q8NCR6
GO:0065003,P13765
GO:0065003,P0C5Z0
GO:0065003,Q8N5G0
GO:0065003,Q8N5M1
GO:0065003,Q9UHD4
GO:0065003,P62841
GO:0065003,P62857
GO:0065003,Q8NC69
GO:0065003,Q9UGJ1
GO:0065003,P62913
GO:0065003,Q8NBQ7
GO:0065003,Q8NB16
GO:0065003,Q9UFH2
GO:0065003,P04114
GO:0065003,P04179
GO:0065003,P63000
GO:0065003,Q9UBW8
GO:0065003,Q8N8Q8
GO:0065003,Q9UBR1
GO:0065003,P63027
GO:0065003,P04075
GO:0065003,Q9UKT4
GO:0065003,Q8NE86
GO:0065003,Q8TDW0
GO:0065003,P30153
GO:0065003,O00217
GO:0065003,O00231
GO:0065003,Q8NFX7
GO:0065003,Q96MP8
GO:0065003,P13716
GO:0065003,Q8NEZ3
GO:0065003,O00233
GO:0065003,P30101
GO:0065003,P30049
GO:0065003,Q96NT0
GO:0065003,Q9UJZ1
GO:0065003,P0DI82
GO:0065003,P63173
GO:0065003,P62263
GO:0065003,P04183
GO:0065003,P62304
GO:0065003,P62306
GO:0065003,O95319
GO:0065003,Q9UIX4
GO:0065003,P13762
GO:0065003,P62308
GO:0065003,Q96P20
GO:0065003,O95298
GO:0065003,P62314
GO:0065003,Q9UIL4
GO:0065003,P62316
GO:0065003,O95178
GO:0065003,P62318
GO:0065003,P0DI81
GO:0065003,P78371
GO:0065003,O00161
GO:0065003,Q9UMS4
GO:0065003,Q92621
GO:0065003,Q9Y3M2
GO:0065003,Q9Y3Z3
GO:0065003,O43583
GO:0065003,Q96E52
GO:0065003,Q92879
GO:0065003,P02489
GO:0065003,Q9Y3F4
GO:0065003,P48163
GO:0065003,P48061
GO:0065003,Q92982
GO:0065003,Q9Y512
GO:0065003,P47985
GO:0065003,P47895
GO:0065003,O43264
GO:0065003,P47755
GO:0065003,Q9Y4Z0
GO:0065003,Q92989
GO:0065003,P48547
GO:0065003,P48775
GO:0065003,Q9Y375
GO:0065003,Q92544
GO:0065003,Q9Y3A4
GO:0065003,P11836
GO:0065003,P49755
GO:0065003,P49662
GO:0065003,Q9Y3B4
GO:0065003,Q9Y3E7
GO:0065003,O95990
GO:0065003,P49450
GO:0065003,A8MT69
GO:0065003,Q9Y3C7
GO:0065003,P02511
GO:0065003,O43181
GO:0065003,Q9Y3D2
GO:0065003,P49189
GO:0065003,Q9Y3C0
GO:0065003,P50748
GO:0065003,P01920
GO:0065003,Q93062
GO:0065003,Q96A08
GO:0065003,P00492
GO:0065003,P39019
GO:0065003,P00414
GO:0065003,Q9Y6B6
GO:0065003,P10909
GO:0065003,Q96BR5
GO:0065003,A1A4Y4
GO:0065003,Q9Y6H3
GO:0065003,A0PK00
GO:0065003,P41181
GO:0065003,P40121
GO:0065003,P41091
GO:0065003,P01906
GO:0065003,Q96AC1
GO:0065003,P01903
GO:0065003,P10809
GO:0065003,P46782
GO:0065003,P01909
GO:0065003,P42677
GO:0065003,Q93079
GO:0065003,Q96CW1
GO:0065003,A6NFY7
GO:0065003,Q96CU9
GO:0065003,Q9Y5R8
GO:0065003,P36969
GO:0065003,O43502
GO:0065003,P42263
GO:0065003,O43482
GO:0065003,P11166
GO:0065003,P43004
GO:0065003,Q969U7
GO:0065003,P42857
GO:0065003,Q96CG3
GO:0065003,P01911
GO:0065003,O43447
GO:0065003,Q9Y5T4
GO:0065003,P01591
GO:0065003,Q9Y333
GO:0065003,Q92506
GO:0065003,P02679
GO:0065003,O43676
GO:0065003,P56556
GO:0065003,O15537
GO:0065003,Q9Y230
GO:0065003,Q9P0T7
GO:0065003,P56537
GO:0065003,P02743
GO:0065003,P56373
GO:0065003,P55769
GO:0065003,P55157
GO:0065003,Q9Y241
GO:0065003,Q9Y244
GO:0065003,Q8WU39
GO:0065003,P55087
GO:0065003,Q96HR3
GO:0065003,P55957
GO:0065003,Q9Y262
GO:0065003,O95573
GO:0065003,P56704
GO:0065003,P61011
GO:0065003,Q9UMX3
GO:0065003,Q8TE73
GO:0065003,P60880
GO:0065003,P31153
GO:0065003,P31350
GO:0065003,O95500
GO:0065003,P02748
GO:0065003,P31415
GO:0065003,Q9UPG8
GO:0065003,P60008
GO:0065003,P59998
GO:0065003,Q96IL0
GO:0065003,Q96I51
GO:0065003,P57764
GO:0065003,P57678
GO:0065003,P60228
GO:0065003,Q9Y265
GO:0065003,P02656
GO:0065003,P55064
GO:0065003,P52657
GO:0065003,O95832
GO:0065003,Q9Y2R0
GO:0065003,Q8WWA0
GO:0065003,Q9Y2R9
GO:0065003,Q8WWB5
GO:0065003,O15554
GO:0065003,E0CX11
GO:0065003,P52306
GO:0065003,Q8WXD5
GO:0065003,Q8WXF7
GO:0065003,Q8WXU2
GO:0065003,Q9Y2Z0
GO:0065003,P35610
GO:0065003,Q8WXX5
GO:0065003,Q9Y328
GO:0065003,O43617
GO:0065003,P02647
GO:0065003,P34897
GO:0065003,O43633
GO:0065003,P55008
GO:0065003,P02654
GO:0065003,Q9Y276
GO:0065003,Q96H22
GO:0065003,P02652
GO:0065003,P54920
GO:0065003,O43639
GO:0065003,Q96GX9
GO:0065003,Q9Y285
GO:0065003,Q9Y294
GO:0065003,P32929
GO:0065003,P53680
GO:0065003,Q8WVE7
GO:0065003,Q9Y296
GO:0065003,P33778
GO:0065003,P52907
GO:0065003,P34896
GO:0065003,P61086
GO:0065003,O94811
GO:0065003,Q96AG3
GO:0065003,Q8N1F7
GO:0065003,P20292
GO:0065003,Q15185
GO:0065003,O14817
GO:0065003,Q9H7B2
GO:0065003,Q9H7B4
GO:0065003,Q6ZMU5
GO:0065003,O75616
GO:0065003,P20036
GO:0065003,Q9H7H0
GO:0065003,Q9H7X0
GO:0065003,Q9BSK2
GO:0065003,Q14CZ7
GO:0065003,Q6ZW61
GO:0065003,Q9H840
GO:0065003,Q9H845
GO:0065003,Q6ZYL4
GO:0065003,Q9BT17
GO:0065003,O75586
GO:0065003,P09132
GO:0065003,O14862
GO:0065003,Q15649
GO:0065003,O75489
GO:0065003,Q9BTW9
GO:0065003,Q15543
GO:0065003,Q15526
GO:0065003,Q9H4B7
GO:0065003,Q15393
GO:0065003,Q9H4K7
GO:0065003,Q9H4M9
GO:0065003,P16104
GO:0065003,Q9BTT4
GO:0065003,Q15370
GO:0065003,O15273
GO:0065003,O75569
GO:0065003,O14893
GO:0065003,Q15363
GO:0065003,Q6UW78
GO:0065003,P20963
GO:0065003,Q15758
GO:0065003,Q9BSH4
GO:0065003,Q9H944
GO:0065003,Q7L2H7
GO:0065003,Q7L592
GO:0065003,Q7L5Y6
GO:0065003,O60313
GO:0065003,Q9P0S2
GO:0065003,O75794
GO:0065003,O75800
GO:0065003,Q14061
GO:0065003,P09661
GO:0065003,Q13829
GO:0065003,P22612
GO:0065003,P06340
GO:0065003,Q9BQ31
GO:0065003,O14744
GO:0065003,Q7RTV0
GO:0065003,O15360
GO:0065003,Q13838
GO:0065003,Q7L273
GO:0065003,Q7L1W4
GO:0065003,P06493
GO:0065003,Q14749
GO:0065003,Q9H9Q2
GO:0065003,Q14565
GO:0065003,Q14500
GO:0065003,Q9H9S5
GO:0065003,Q719H9
GO:0065003,Q71DI3
GO:0065003,Q9HAE3
GO:0065003,Q71U36
GO:0065003,Q9BRT2
GO:0065003,O75762
GO:0065003,P21941
GO:0065003,P06899
GO:0065003,Q71UM5
GO:0065003,Q7KZN9
GO:0065003,Q14156
GO:0065003,Q9HBJ8
GO:0065003,Q9BS16
GO:0065003,Q13526
GO:0065003,Q9H3M0
GO:0065003,O75448
GO:0065003,Q693B1
GO:0065003,Q53T94
GO:0065003,Q9C030
GO:0065003,O75347
GO:0065003,P17693
GO:0065003,Q53G59
GO:0065003,Q53FP2
GO:0065003,O75340
GO:0065003,Q6DD88
GO:0065003,P08865
GO:0065003,Q4LDG9
GO:0065003,O15212
GO:0065003,Q4KMQ2
GO:0065003,Q4G0X4
GO:0065003,P17987
GO:0065003,Q9GZS1
GO:0065003,P08100
GO:0065003,Q5EBL8
GO:0065003,Q5EE01
GO:0065003,Q687X5
GO:0065003,Q5TA89
GO:0065003,Q5TEU4
GO:0065003,P08579
GO:0065003,Q9BX59
GO:0065003,O75251
GO:0065003,Q5U5X0
GO:0065003,O15144
GO:0065003,Q5SXM8
GO:0065003,Q9BXJ8
GO:0065003,Q5S007
GO:0065003,Q5VUM1
GO:0065003,Q5RI15
GO:0065003,Q9BVV7
GO:0065003,P17612
GO:0065003,O75306
GO:0065003,O75311
GO:0065003,Q5JTJ3
GO:0065003,Q49B96
GO:0065003,Q9H3F6
GO:0065003,O75367
GO:0065003,Q3ZAQ7
GO:0065003,Q9H204
GO:0065003,Q9H223
GO:0065003,Q6PIU1
GO:0065003,Q9BUB7
GO:0065003,O75380
GO:0065003,Q16514
GO:0065003,P07766
GO:0065003,Q9H1X1
GO:0065003,Q16401
GO:0065003,Q16322
GO:0065003,Q9BU64
GO:0065003,Q15842
GO:0065003,Q15836
GO:0065003,Q15814
GO:0065003,Q9BU61
GO:0065003,Q15813
GO:0065003,Q16394
GO:0065003,O75379
GO:0065003,O14929
GO:0065003,Q16595
GO:0065003,Q9BV40
GO:0065003,Q330K2
GO:0065003,Q30201
GO:0065003,Q30154
GO:0065003,Q9H061
GO:0065003,Q6IPU0
GO:0065003,Q16778
GO:0065003,Q9H081
GO:0065003,Q9BUV8
GO:0065003,Q16763
GO:0065003,Q16695
GO:0065003,Q6P1A2
GO:0065003,Q9H0F7
GO:0065003,Q16623
GO:0065003,Q6P2C8
GO:0065003,O60701
GO:0065003,Q9BUE0
GO:0065003,Q6DKK2
GO:0065003,Q13503
GO:0065003,Q9BQA1
GO:0065003,O75832
GO:0065003,Q06609
GO:0065003,Q99627
GO:0065003,Q9NVX0
GO:0065003,P25445
GO:0065003,Q8IW40
GO:0065003,P25942
GO:0065003,Q9NW81
GO:0065003,Q9NWH2
GO:0065003,Q9NWS0
GO:0065003,P14635
GO:0065003,Q8IWL3
GO:0065003,Q8IWT6
GO:0065003,O43819
GO:0065003,Q9NWX6
GO:0065003,Q8IXS2
GO:0065003,Q04837
GO:0065003,Q99572
GO:0065003,O00743
GO:0065003,O43809
GO:0065003,Q06828
GO:0065003,Q99633
GO:0065003,Q12768
GO:0065003,Q8IUD6
GO:0065003,P24310
GO:0065003,Q09470
GO:0065003,Q08AG7
GO:0065003,Q08752
GO:0065003,Q9NVA1
GO:0065003,O14548
GO:0065003,Q99720
GO:0065003,Q99714
GO:0065003,Q08257
GO:0065003,Q8IUX1
GO:0065003,O14713
GO:0065003,P05062
GO:0065003,Q8IVS2
GO:0065003,Q9NVM4
GO:0065003,O00762
GO:0065003,Q9NVP2
GO:0065003,Q9NX18
GO:0065003,Q03395
GO:0065003,Q01523
GO:0065003,Q99471
GO:0065003,O15431
GO:0065003,P04440
GO:0065003,P28067
GO:0065003,Q9NZV6
GO:0065003,P79483
GO:0065003,P28068
GO:0065003,Q9P032
GO:0065003,Q9BWJ5
GO:0065003,Q9P086
GO:0065003,Q99426
GO:0065003,Q9P0J0
GO:0065003,P28074
GO:0065003,Q8N136
GO:0065003,P04439
GO:0065003,P67870
GO:0065003,Q96TA2
GO:0065003,Q9NZN3
GO:0065003,P83731
GO:0065003,O94788
GO:0065003,P83876
GO:0065003,Q00610
GO:0065003,Q9NXV2
GO:0065003,P14406
GO:0065003,Q00597
GO:0065003,O00522
GO:0065003,P14222
GO:0065003,O00505
GO:0065003,Q9NYP9
GO:0065003,P23942
GO:0065003,O43805
GO:0065003,Q9NYV6
GO:0065003,Q9NYX4
GO:0065003,Q00266
GO:0065003,Q9NYY8
GO:0065003,Q00059
GO:0065003,P84243
GO:0065003,P14174
GO:0065003,Q8N0X4
GO:0065003,Q00403
GO:0065003,P23921
GO:0065003,P14868
GO:0065003,O75865
GO:0065003,Q12933
GO:0065003,Q7Z7H3
GO:0065003,O75880
GO:0065003,Q9NPJ1
GO:0065003,Q9NPJ3
GO:0065003,Q13049
GO:0065003,Q99880
GO:0065003,Q9NPL8
GO:0065003,Q9NR22
GO:0065003,Q7Z392
GO:0065003,Q9NRH3
GO:0065003,Q13077
GO:0065003,Q86UX7
GO:0065003,Q13155
GO:0065003,Q9NPP4
GO:0065003,Q13158
GO:0065003,Q13352
GO:0065003,Q9NRG0
GO:0065003,Q86UF1
GO:0065003,Q9BPX6
GO:0065003,Q9NR31
GO:0065003,P23527
GO:0065003,Q13347
GO:0065003,P15313
GO:0065003,Q9BPY8
GO:0065003,Q8IU99
GO:0065003,P05538
GO:0065003,Q99877
GO:0065003,Q9NQM4
GO:0065003,P23258
GO:0065003,Q99873
GO:0065003,Q99747
GO:0065003,P23763
GO:0065003,Q9NUL7
GO:0065003,O43929
GO:0065003,P22694
GO:0065003,Q9NTM9
GO:0065003,Q99879
GO:0065003,Q86Y56
GO:0065003,Q86XJ0
GO:0065003,O43920
GO:0065003,Q9NSD9
GO:0065003,Q9NPH3
GO:0065003,Q12846
GO:0065003,Q12887
GO:0065003,Q9NQA5
GO:0065003,Q12824
GO:0065003,P09693
GO:0071103,Q99551
GO:0071103,P51530
GO:1902414,P61006
GO:1902414,P62955
GO:1902414,Q9Y624
GO:1902414,P08183
GO:1902414,Q8NC67
GO:1902414,Q9Y698
GO:1902414,Q13702
GO:1902414,P60709
GO:1902414,Q9BX67
GO:1902414,Q96AC1
GO:1902414,Q5T2T1
GO:1902414,O00194
GO:1902414,P63261
GO:1902414,P42857
GO:1902414,Q96QK1
GO:1902414,Q9UHA4
GO:1902414,Q96GR4
GO:1902414,Q8TBE1
GO:1902414,Q86UE6
GO:1902414,Q9UIJ5
GO:1902414,Q16515
GO:1902414,Q96MV8
GO:1902414,O75379
GO:1902414,Q9NTJ5
GO:1902414,Q13277
GO:1902414,O60359
GO:1902414,Q9NQS3
GO:1902414,Q00535
GO:1902414,O95970
GO:1902414,Q9Y2Q5
GO:1903317,P17612
GO:1903317,P60903
GO:1903317,Q5S007
GO:1903317,A4D1T9
GO:1903317,Q6UXH0
GO:1903317,P07355
GO:1903317,P05981
GO:1903317,P05452
GO:1903317,Q9Y366
GO:1903317,P03952
GO:1903317,Q15349
GO:1903317,Q8TEB9
GO:1903317,Q9Y2Y6
GO:1903317,Q9Y6E7
GO:1903317,P22694
GO:1903317,P05121
GO:1903317,Q9UMY4
GO:1903317,P00750
GO:1903317,Q9BUX1
GO:1903317,P06733
GO:1903317,P07093
GO:1903317,Q03405
GO:1903317,Q8IZL9
GO:1903317,P27930
GO:1903317,P09430
GO:1903317,P08582
GO:1903317,Q9NPP4
GO:1903317,P00749
GO:1903317,O95816
GO:1903317,Q9BZG2
GO:1903317,Q9UBR2
GO:1905719,Q6ZU15
GO:1905719,Q9H8T0
GO:2000232,Q8TED0
GO:2000232,O43709
GO:2000232,Q96DE0
GO:2000232,O95568
GO:2000232,Q9UNQ2
GO:2000232,Q9UI30
